title,category,price,rating,availability,description,upc,num_reviews,product_url,stock_count,description_word_count,price_range,recommended
it's only the himalayas,travel,45.17,2,in stock (19 available) in stock in stock in stock in stock in stock in stock,"“wherever you go, whatever you do, just . . . don’t do anything stupid.” —my motherduring her yearlong adventure backpacking from south africa to singapore, s. bedford definitely did a few things her mother might classify as ""stupid."" she swam with great white sharks in south africa, ran from lions in zimbabwe, climbed a himalayan mountain without training in nepal, and wa “wherever you go, whatever you do, just . . . don’t do anything stupid.” —my motherduring her yearlong adventure backpacking from south africa to singapore, s. bedford definitely did a few things her mother might classify as ""stupid."" she swam with great white sharks in south africa, ran from lions in zimbabwe, climbed a himalayan mountain without training in nepal, and watched as her friend was attacked by a monkey in indonesia.but interspersed in those slightly more crazy moments, sue bedfored and her friend ""sara the stoic"" experienced the sights, sounds, life, and culture of fifteen countries. joined along the way by a few friends and their aging fathers here and there, sue and sara experience the trip of a lifetime. they fall in love with the world, cultivate an appreciation for home, and discover who, or what, they want to become.it's only the himalayas is the incredibly funny, sometimes outlandish, always entertaining confession of a young backpacker that will inspire you to take your own adventure. ...more",a22124811bfa8350,0,https://books.toscrape.com/catalogue/its-only-the-himalayas_981/index.html,19,230,COSTLY,False
libertarianism for beginners,politics,51.33,2,in stock (19 available) in stock in stock in stock in stock in stock in stock,"libertarianism isn't about winning elections; it is first and foremost a political philosophy--a description of how, in the opinion of libertarians, free people ought to treat one another, at least when they use the law, which they regard as potentially dangerous. if libertarians are correct, the law should intrude into people's lives as little as possible, rarely telling libertarianism isn't about winning elections; it is first and foremost a political philosophy--a description of how, in the opinion of libertarians, free people ought to treat one another, at least when they use the law, which they regard as potentially dangerous. if libertarians are correct, the law should intrude into people's lives as little as possible, rarely telling them what to do or how to live.a political and economic philosophy as old as john locke and john stuart mill, but as alive and timely as rand paul, the tea party, and the novels of ayn rand, libertarianism emphasizes individual rights and calls for a radical reduction in the power and size of government. ""libertarianism for beginners"" lays out the history and principles of this often-misunderstood philosophy in lucid, dispassionate terms that help illuminate today's political dialogue."" ...more",a18a4f574854aced,0,https://books.toscrape.com/catalogue/libertarianism-for-beginners_982/index.html,19,195,COSTLY,False
mesaerion: the best science fiction stories 1800-1849,science fiction,37.59,1,in stock (19 available) in stock in stock in stock in stock in stock in stock,"andrew barger, award-winning author and engineer, has extensively researched forgotten journals and magazines of the early 19th century to locate groundbreaking science fiction short stories in the english language. in doing so, he found what is possibly the first science fiction story by a female (and it is not from mary shelley). andrew located the first steampunk short andrew barger, award-winning author and engineer, has extensively researched forgotten journals and magazines of the early 19th century to locate groundbreaking science fiction short stories in the english language. in doing so, he found what is possibly the first science fiction story by a female (and it is not from mary shelley). andrew located the first steampunk short story, which has not been republished since 1844. there is the first voyage to the moon in a balloon, republished for the first time since 1820 that further tells of a darkness machine and a lunarian named zuloc. other sci-stories include the first robotic insect and an electricity gun. once again, andrew has searched old texts to find the very best science fiction stories from the period when the genre automated to life, some of the stories are published for the first time in nearly 200 years. read these fantastic stories today!our own country so mechanical has the age become, that men seriously talk of flying machines, to go by steam, --not your air-balloons, but real daedalian wings, made of wood and joints, nailed to your shoulder, --not wings of feathers and wax like the wings of icarus, who fell into the cretan sea, but real, solid, substantial, rock-maple wings with wrought-iron hinges, and huge concavities, to propel us through the air. knickerbocker magazine, may 18 ...more",e30f54cea9b38190,0,https://books.toscrape.com/catalogue/mesaerion-the-best-science-fiction-stories-1800-1849_983/index.html,19,283,COSTLY,False
olio,poetry,23.88,1,in stock (19 available) in stock in stock in stock in stock in stock in stock,"part fact, part fiction, tyehimba jess's much anticipated second book weaves sonnet, song, and narrative to examine the lives of mostly unrecorded african american performers directly before and after the civil war up to world war i. olio is an effort to understand how they met, resisted, complicated, co-opted, and sometimes defeated attempts to minstrelize them.so, while part fact, part fiction, tyehimba jess's much anticipated second book weaves sonnet, song, and narrative to examine the lives of mostly unrecorded african american performers directly before and after the civil war up to world war i. olio is an effort to understand how they met, resisted, complicated, co-opted, and sometimes defeated attempts to minstrelize them.so, while i lead this choir, i still find thati'm being led…i'm a missionarymending my faith in the midst of this flock…i toil in their fields of praise. when folks seethese freedmen stand and sing, they hear their godspeak in tongues. these nine dark mouths sing shelter;they echo a hymn's haven from slavery's weather.detroit native tyehimba jess' first book of poetry, leadbelly, was a winner of the 2004 national poetry series. jess, a cave canem and nyu alumni, has received fellowships from the whiting foundation, national endowment for the arts, illinois arts council, and the provincetown fine arts work center. jess is also a veteran of the 2000 and 2001 green mill poetry slam team. he exhibited his poetry at the 2011 tedxnashville conference. jess is an associate professor of english at college of staten island. ...more",feb7cc7701ecf901,0,https://books.toscrape.com/catalogue/olio_984/index.html,19,249,AFFORDABLE,False
"our band could be your life: scenes from the american indie underground, 1981-1991",music,57.25,3,in stock (19 available) in stock in stock in stock in stock in stock in stock,"this is the never-before-told story of the musical revolution that happened right under the nose of the reagan eighties--when a small but sprawling network of bands, labels, fanzines, radio stations, and other subversives reenergized american rock with punk rock's do-it-yourself credo and created music that was deeply personal, often brilliant, always challenging, and imme this is the never-before-told story of the musical revolution that happened right under the nose of the reagan eighties--when a small but sprawling network of bands, labels, fanzines, radio stations, and other subversives reenergized american rock with punk rock's do-it-yourself credo and created music that was deeply personal, often brilliant, always challenging, and immensely influential. this sweeping chronicle of music, politics, drugs, fear, loathing, and faith has been recognized as an indie rock classic in its own right. among the bands profiled: mission of burma, butthole surfers, the minutemen, sonic youth, black flag, big black, hüsker dü, fugazi, minor threat, mudhoney, the replacements, beat happening, and dinosaur jr. ...more",deda3e61b9514b83,0,https://books.toscrape.com/catalogue/our-band-could-be-your-life-scenes-from-the-american-indie-underground-1981-1991_985/index.html,19,163,COSTLY,False
rip it up and start again,music,35.02,5,in stock (19 available) in stock in stock in stock in stock in stock in stock,"punk's raw power rejuvenated rock, but by the summer of 1977 the movement had become a parody of itself. rip it up and start again is a celebration of what happened next.post-punk bands like pil, joy division, talking heads, the fall and the human league dedicated themselves to fulfilling punk's unfinished musical revolution. the post-punk groups were fervent modernists; w punk's raw power rejuvenated rock, but by the summer of 1977 the movement had become a parody of itself. rip it up and start again is a celebration of what happened next.post-punk bands like pil, joy division, talking heads, the fall and the human league dedicated themselves to fulfilling punk's unfinished musical revolution. the post-punk groups were fervent modernists; whether experimenting with electronics and machine rhythm or adapting ideas from dub reggae and disco, they were totally confident they could invent a whole new future for music. ...more",a34ba96d4081e6a4,0,https://books.toscrape.com/catalogue/rip-it-up-and-start-again_986/index.html,19,148,COSTLY,False
scott pilgrim's precious little life (scott pilgrim #1),sequential art,52.29,5,in stock (19 available) in stock in stock in stock in stock in stock in stock,"scott pilgrim's life is totally sweet. he's 23 years old, he's in a rockband, he's ""between jobs"" and he's dating a cute high school girl. nothing could possibly go wrong, unless a seriously mind-blowing, dangerously fashionable, rollerblading delivery girl named ramona flowers starts cruising through his dreams and sailing by him at parties. will scott's awesome life get scott pilgrim's life is totally sweet. he's 23 years old, he's in a rockband, he's ""between jobs"" and he's dating a cute high school girl. nothing could possibly go wrong, unless a seriously mind-blowing, dangerously fashionable, rollerblading delivery girl named ramona flowers starts cruising through his dreams and sailing by him at parties. will scott's awesome life get turned upside-down? will he have to face ramona's seven evil ex-boyfriends in battle? the short answer is yes. the long answer is scott pilgrim, volume 1: scott pilgrim's precious little life ...more",3b1c02bac2a429e6,0,https://books.toscrape.com/catalogue/scott-pilgrims-precious-little-life-scott-pilgrim-1_987/index.html,19,148,COSTLY,False
set me free,young adult,17.46,5,in stock (19 available) in stock in stock in stock in stock in stock in stock,"aaron ledbetter’s future had been planned out for him since before he was born. each year, the ledbetter family vacation on tybee island gave aaron a chance to briefly free himself from his family’s expectations. when he meets jonas “lucky” luckett, a caricature artist in town with the traveling carnival, he must choose between the life that’s been mapped out for him, and aaron ledbetter’s future had been planned out for him since before he was born. each year, the ledbetter family vacation on tybee island gave aaron a chance to briefly free himself from his family’s expectations. when he meets jonas “lucky” luckett, a caricature artist in town with the traveling carnival, he must choose between the life that’s been mapped out for him, and the chance at true love. ...more",ce6396b0f23f6ecc,0,https://books.toscrape.com/catalogue/set-me-free_988/index.html,19,132,REASONABLE,True
shakespeare's sonnets,poetry,20.66,4,in stock (19 available) in stock in stock in stock in stock in stock in stock,"this book is an important and complete collection of the sonnets of william shakespeare. most readers are aware of the great plays and manuscripts written for the stage, but are unaware of the magnificent sonnets which were written around the same period. this is an excellent, complete collection of the sonnets and poetry of william shakespeare and should not be missed by this book is an important and complete collection of the sonnets of william shakespeare. most readers are aware of the great plays and manuscripts written for the stage, but are unaware of the magnificent sonnets which were written around the same period. this is an excellent, complete collection of the sonnets and poetry of william shakespeare and should not be missed by those interested in the completion of a collection of his writings and those interested in early poetic works. ...more",30a7f60cd76ca58c,0,https://books.toscrape.com/catalogue/shakespeares-sonnets_989/index.html,19,143,AFFORDABLE,True
"starving hearts (triangular trade trilogy, #1)",default,13.99,2,in stock (19 available) in stock in stock in stock in stock in stock in stock,"since her assault, miss annette chetwynd has been plagued by nightmares and worries about an arranged marriage. but she yearns to find her anonymous rescuer. unfortunately, her health and intellect prevent it. both repel suitors and cause annette to doubt god's existence, at least until he answers her prayers in an unusual way ... mr. peter adsley is joining the clergy, an since her assault, miss annette chetwynd has been plagued by nightmares and worries about an arranged marriage. but she yearns to find her anonymous rescuer. unfortunately, her health and intellect prevent it. both repel suitors and cause annette to doubt god's existence, at least until he answers her prayers in an unusual way ... mr. peter adsley is joining the clergy, and he desires a godly wife by his side. after his failed attempt to obtain one, he engages in a clandestine meeting with the bewitching young woman who keeps crossing his path. but she is so unsettling. destined for disappointments, peter and annette endure disgraceful situations. will peter's faith sustain him through overwhelming setbacks? can annette overcome her doubts? or will their starving hearts yield to the machinations of a mad man? ...more",0312262ecafa5a40,0,https://books.toscrape.com/catalogue/starving-hearts-triangular-trade-trilogy-1_990/index.html,19,196,REASONABLE,False
the black maria,poetry,52.15,1,in stock (19 available) in stock in stock in stock in stock in stock in stock,"praise for aracelis girmay:""[girmay's] every loss—she calls them estrangements—is a yearning for connection across time and place; her every fragment is a bulwark against ruin."" — o, the oprah magazine ""in aracelis girmay we have a poet who collects, polishes, and shares stories with such brilliant invention, tenderness, and intellectual liveliness that it is understandabl praise for aracelis girmay:""[girmay's] every loss—she calls them estrangements—is a yearning for connection across time and place; her every fragment is a bulwark against ruin."" — o, the oprah magazine ""in aracelis girmay we have a poet who collects, polishes, and shares stories with such brilliant invention, tenderness, and intellectual liveliness that it is understandable that we think of her as the blessed curator of our collective histories. there is in her art the vulnerability of one who lives inside of the stories that she gathers in this remarkable collection. her poems set off alarms even as they transform the world she inhabits, showing us, in the process, exactly what she asks of romare bearden’s art: ‘…how not to // assign all blackness near the sea / a captivity.’ this is one of the many sweet contradictions in the black maria, which ‘is a black flag / wounding the pastoral.’ i am deeply thankful that we have a poet of her unique and singular talent writing today."" —kwame dawestaking its name from the moon's dark plains, misidentified as seas by early astronomers, the black maria investigates african diasporic histories, the consequences of racism within american culture, and the question of human identity. central to this project is a desire to recognize the lives of eritrean refugees who have been made invisible by years of immigration crisis, refugee status, exile, and resulting statelessness. the recipient of a 2015 whiting award for poetry, girmay's newest collection elegizes and celebrates life, while wrestling with the humanistic notion of seeing beyond: seeing violence, seeing grace, and seeing each other better.""to the sea""great storage house, historyon which we rode, we touchedthe brief pulse of your flutteringpages, spelled with salt & life,your rage, your indifferenceyour gentleness washing our feet,all of you going onwhether or not we live,to you we bring our carnationsyellow & pink, how they floatlike bright sentences atopyour memory's dark hairaracelis girmay is the author of three poetry collections, the black maria; kingdom animalia, which won the isabella gardner award and was a finalist for the nbcc award; and teeth. the recipient of a 2015 whiting award, she has received grants and fellowships from the jerome, cave canem, and watson foundations, as well as civitella ranieri and the nea. she currently teaches at hampshire college's school for interdisciplinary arts and in drew university's low residency mfa program. originally from santa ana, california, she splits her time between new york and amherst, massachusetts. ...more",1dfe412b8ac00530,0,https://books.toscrape.com/catalogue/the-black-maria_991/index.html,19,464,COSTLY,False
the boys in the boat: nine americans and their epic quest for gold at the 1936 berlin olympics,default,22.6,4,in stock (19 available) in stock in stock in stock in stock in stock in stock,"for readers of laura hillenbrand's seabiscuit and unbroken, the dramatic story of the american rowing team that stunned the world at hitler's 1936 berlin olympics daniel james brown’s robust book tells the story of the university of washington’s 1936 eight-oar crew and their epic quest for an olympic gold medal, a team that transformed the sport and grabbed the attention o for readers of laura hillenbrand's seabiscuit and unbroken, the dramatic story of the american rowing team that stunned the world at hitler's 1936 berlin olympics daniel james brown’s robust book tells the story of the university of washington’s 1936 eight-oar crew and their epic quest for an olympic gold medal, a team that transformed the sport and grabbed the attention of millions of americans. the sons of loggers, shipyard workers, and farmers, the boys defeated elite rivals first from eastern and british universities and finally the german crew rowing for adolf hitler in the olympic games in berlin, 1936. the emotional heart of the story lies with one rower, joe rantz, a teenager without family or prospects, who rows not for glory, but to regain his shattered self-regard and to find a place he can call home. the crew is assembled by an enigmatic coach and mentored by a visionary, eccentric british boat builder, but it is their trust in each other that makes them a victorious team. they remind the country of what can be done when everyone quite literally pulls together—a perfect melding of commitment, determination, and optimism. drawing on the boys’ own diaries and journals, their photos and memories of a once-in-a-lifetime shared dream, the boys in the boat is an irresistible story about beating the odds and finding hope in the most desperate of times—the improbable, intimate story of nine working-class boys from the american west who, in the depths of the great depression, showed the world what true grit really meant. it will appeal to readers of erik larson, timothy egan, james bradley, and david halberstam's the amateurs. ...more",e10e1e165dc8be4a,0,https://books.toscrape.com/catalogue/the-boys-in-the-boat-nine-americans-and-their-epic-quest-for-gold-at-the-1936-berlin-olympics_992/index.html,19,335,AFFORDABLE,True
"the coming woman: a novel based on the life of the infamous feminist, victoria woodhull",default,17.93,3,in stock (19 available) in stock in stock in stock in stock in stock in stock,"""if you have a heart, if you have a soul, karen hicks' the coming woman will make you fall in love with victoria woodhull.""-kinky friedman, author and governor of the heart of texas ""what kind of confidence would it take for a woman to buck the old boy's club of politics in 1872? more than 140 years pre-hillary, there was victoria woodhull. this book takes you back with a ""if you have a heart, if you have a soul, karen hicks' the coming woman will make you fall in love with victoria woodhull.""-kinky friedman, author and governor of the heart of texas ""what kind of confidence would it take for a woman to buck the old boy's club of politics in 1872? more than 140 years pre-hillary, there was victoria woodhull. this book takes you back with a breathtaking, present-tense bird's eye view into a time when women's liberation was primarily confined to one woman's very capable, independent mind. i couldn't put it down.""---ruth buzzi, golden globe award winner and television hall of fame inductee""sadly, too many americans have never heard of victoria woodhull, let alone learned of her story: her revolutionary campaign for the presidency at a time when women weren't even allowed to vote, her support for worker's rights, or her feminist commitment to equality, a century before the official battle over the equal rights amendment. but in the coming woman, karen hicks brings woodhull's efforts to life, and reminds us that some of our nation's greatest figures aren't always featured in the history books. it is a riveting account of an amazing woman and her struggle for justice and human dignity, told in an engaging and eminently readable style.""-tim wise, author, ""white like me: reflections on race from a privileged son""""the coming woman"" is a novel based on the life of feminist victoria woodhull, the first woman to run for u.s. president, 50 years before women could even vote!running for president wasn't victoria's only first as a woman. she was also the first to own a successful wall street firm, the first to publish a successful national newspaper, and the first to head the two-million-member spiritualist association. she was the first woman to enter the senate judiciary committee chambers to petition for woman's suffrage, her argument changing the entire focus of the suffragist movement by pointing out that the 14th and 15th amendments already gave women the vote.in her campaign for the presidency, victoria woodhull boldly addressed many of the issues we still face today: equal pay for equal work; freedom in love; corporate greed and political corruption fueled by powerful lobbyists; and the increasing disparity between the rich and the poor, to name only a few. her outspoken and common-sense ideas may shed a new perspective on the parallel conundrums of today's world.this bold, beautiful, and sexually progressive woman dared to take on society and religion. to make an example of the hypocrisy in what mark twain dubbed the gilded age, she exposed the extramarital affairs of the most popular religious figure of the day (henry ward beecher). this led to her persecution and imprisonment and the longest, most infamous trial of the 19th century. but it did not stop her fight for equality.victoria's epic story, set in the late 1800s, comes to life in a modern, fictional style, while staying true to the actual words and views of the many well-known characters. ...more",e72a5dfc7e9267b2,0,https://books.toscrape.com/catalogue/the-coming-woman-a-novel-based-on-the-life-of-the-infamous-feminist-victoria-woodhull_993/index.html,19,568,REASONABLE,False
the dirty little secrets of getting your dream job,business,33.34,4,in stock (19 available) in stock in stock in stock in stock in stock in stock,"drawing on his extensive experience evaluating applicants for his marketing agency, and featuring stories based on real-life situations, sample cover letters, resumes, and straightforward advice, don raskin’s the dirty little secrets of getting your dream job offers all the necessary tools for navigating the tough job market and securing your dream job.don raskin owns and drawing on his extensive experience evaluating applicants for his marketing agency, and featuring stories based on real-life situations, sample cover letters, resumes, and straightforward advice, don raskin’s the dirty little secrets of getting your dream job offers all the necessary tools for navigating the tough job market and securing your dream job.don raskin owns and operates mme, an advertising and marketing agency in new york city. during his twenty-five years at the agency he has interviewed hundreds of new college graduates for positions within his agency and has placed a strong emphasis on entry-level recruitment for positions in creative, account management, traffic, and production. raskin has also mentored countless students and their parents on best practices for the job search. over the years, raskin has kept exceptionally detailed notes on the interviews he has conducted, observing the good, the bad, the ridiculous, the irreverent. he also has a treasure trove of over-the-top cover letters, resumes, interviews, and post interview follow-ups he has conducted and received. now, he wants to share all the wisdom and insider secrets he has gathered to help students and first-time job seekers find a job in this economy.based on his remarkable expertise, raskin's book provides exclusive insight into the job search process and lets readers in on all of the dirty little secrets to landing their first job—or a new one—and finding career success. ...more",2597b5a345f45e1b,0,https://books.toscrape.com/catalogue/the-dirty-little-secrets-of-getting-your-dream-job_994/index.html,19,284,COSTLY,False
the requiem red,young adult,22.65,1,in stock (19 available) in stock in stock in stock in stock in stock,"patient twenty-nine.a monster roams the halls of soothing hills asylum. three girls dead. 29 is endowed with the curse…or gift of perception. she hears messages in music, sees lyrics in paintings. and the corn. a lifetime asylum resident, the orchestral corn music is the only constant in her life.mason, a new, kind orderly, sees 29 as a woman, not a lunatic. and as his bel patient twenty-nine.a monster roams the halls of soothing hills asylum. three girls dead. 29 is endowed with the curse…or gift of perception. she hears messages in music, sees lyrics in paintings. and the corn. a lifetime asylum resident, the orchestral corn music is the only constant in her life.mason, a new, kind orderly, sees 29 as a woman, not a lunatic. and as his belief in her grows, so does her self- confidence. that perhaps she might escape, might see the outside world. but the monster has other plans. the missing girls share one common thread...each was twenty-nine's cell mate. will she be next? ...more",f77dbf2323deb740,0,https://books.toscrape.com/catalogue/the-requiem-red_995/index.html,19,170,AFFORDABLE,False
sapiens: a brief history of humankind,history,54.23,5,in stock (20 available) in stock in stock in stock in stock,"from a renowned historian comes a groundbreaking narrative of humanity’s creation and evolution—a #1 international bestseller—that explores the ways in which biology and history have defined us and enhanced our understanding of what it means to be “human.”one hundred thousand years ago, at least six different species of humans inhabited earth. yet today there is only one—h from a renowned historian comes a groundbreaking narrative of humanity’s creation and evolution—a #1 international bestseller—that explores the ways in which biology and history have defined us and enhanced our understanding of what it means to be “human.”one hundred thousand years ago, at least six different species of humans inhabited earth. yet today there is only one—homo sapiens. what happened to the others? and what may happen to us?most books about the history of humanity pursue either a historical or a biological approach, but dr. yuval noah harari breaks the mold with this highly original book that begins about 70,000 years ago with the appearance of modern cognition. from examining the role evolving humans have played in the global ecosystem to charting the rise of empires, sapiens integrates history and science to reconsider accepted narratives, connect past developments with contemporary concerns, and examine specific events within the context of larger ideas.dr. harari also compels us to look ahead, because over the last few decades humans have begun to bend laws of natural selection that have governed life for the past four billion years. we are acquiring the ability to design not only the world around us, but also ourselves. where is this leading us, and what do we want to become?featuring 27 photographs, 6 maps, and 25 illustrations/diagrams, this provocative and insightful work is sure to spark debate and is essential reading for aficionados of jared diamond, james gleick, matt ridley, robert wright, and sharon moalem. ...more",4165285e1663650f,0,https://books.toscrape.com/catalogue/sapiens-a-brief-history-of-humankind_996/index.html,20,304,COSTLY,False
you can't bury them all: poems,poetry,33.63,2,in stock (17 available) in stock in stock in stock in stock in stock in stock,"a poetry that is at once harrowing, angry, and achingly beautiful patrick woodcock has spent the past seven years engaging with and being shaped by the people, politics, and landscapes of the kurdish north of iraq, fort good hope in the northwest territories, and azerbaijan. his powerful new collection offers a poetry that simultaneously explores hope and horror while doc a poetry that is at once harrowing, angry, and achingly beautiful patrick woodcock has spent the past seven years engaging with and being shaped by the people, politics, and landscapes of the kurdish north of iraq, fort good hope in the northwest territories, and azerbaijan. his powerful new collection offers a poetry that simultaneously explores hope and horror while documenting the transformative processes of coping. you can’t bury them all follows the narratives we construct to survive the tragic failures of our humanity to their very end: everything that’s buried by snow, dirt, and ash, just like everything that’s buried by politics, homophobia, sexism, racism, religion; and history is resurrected, demanding to be heard and addressed.in woodcock’s poetry, how we deal with what resurfaces is the key. what do those who suffer really mean to those who have abandoned them to small, conscience-soothing charitable donations or the occasional tweet? how can the poet, or anyone else, sleep at night knowing homosexuals are being thrown off building tops, after one steps into a hole and finds an abandoned corpse in an azeri cemetery, or after the elders of an aboriginal community are left helpless against those who only want to exploit them? still, you can’t bury them all demonstrates that the world is not just the horrific place the media often portrays. in each of the worlds he touches, woodcock discovers a spirit and strength to celebrate. ...more",55f9da0c5eea2e10,0,https://books.toscrape.com/catalogue/you-cant-bury-them-all-poems_961/index.html,17,297,COSTLY,False
behind closed doors,thriller,52.22,4,in stock (18 available) in stock in stock in stock in stock in stock in stock,"the 2016 debut bloggers can't stop raving about. perfect for fans of the girl on the train and the ice twins everyone knows a couple like jack and grace.he has looks and wealth, she has charm and elegance. you might not want to like them, but you do. though, you’d like to get to know grace better.but it’s difficult, because you realise jack and grace are never apart.some the 2016 debut bloggers can't stop raving about. perfect for fans of the girl on the train and the ice twins everyone knows a couple like jack and grace.he has looks and wealth, she has charm and elegance. you might not want to like them, but you do. though, you’d like to get to know grace better.but it’s difficult, because you realise jack and grace are never apart.some might call this true love. others might ask why grace never answers the phone. or how she can never meet for coffee, even though she doesn’t work. how she can cook such elaborate meals but remain so slim. and why there are bars on one of the bedroom windows.sometimes, the perfect marriage is the perfect lie. ...more",be5cc846f45496fb,0,https://books.toscrape.com/catalogue/behind-closed-doors_962/index.html,18,193,COSTLY,False
"in a dark, dark wood",mystery,19.63,1,in stock (18 available) in stock in stock in stock in stock in stock in stock,"in a dark, dark wood nora hasn't seen clare for ten years. not since nora walked out of school one day and never went back. there was a dark, dark houseuntil, out of the blue, an invitation to clare’s hen do arrives. is this a chance for nora to finally put her past behind her?and in the dark, dark house there was a dark, dark roombut something goes wrong. very wrong.and i in a dark, dark wood nora hasn't seen clare for ten years. not since nora walked out of school one day and never went back. there was a dark, dark houseuntil, out of the blue, an invitation to clare’s hen do arrives. is this a chance for nora to finally put her past behind her?and in the dark, dark house there was a dark, dark roombut something goes wrong. very wrong.and in the dark, dark room.... some things can’t stay secret for ever. ...more",19ed25f4641d5efd,0,https://books.toscrape.com/catalogue/in-a-dark-dark-wood_963/index.html,18,156,REASONABLE,False
maude (1883-1993):she grew up with the country,default,18.02,2,in stock (18 available) in stock in stock in stock in stock in stock in stock,"this new edition of maude (1883-1993) has been updated by mardo williams’ daughters, adding historical details their dad wished to make, twice as many photos, and nine appendices not present in the 1996 hardcover (which won an ohioana library award for its author). during her 110-year lifetime, maude went from a 400-lb. wood-burning stove to a microwave oven, from an outdo this new edition of maude (1883-1993) has been updated by mardo williams’ daughters, adding historical details their dad wished to make, twice as many photos, and nine appendices not present in the 1996 hardcover (which won an ohioana library award for its author). during her 110-year lifetime, maude went from a 400-lb. wood-burning stove to a microwave oven, from an outdoor privy to indoor plumbing. she got the vote in 1920 and voted in the next 18 presidential elections.with poetry and human dramas (two murders and a suicide), written by a master journalist, the book shows the impact of the changing times on shy, unassuming maude, her fun-loving husband lee, and their four active children. they farmed 100 acres on the banks of rush creek in logan county (ohio).a favorite with book discussion groups, maude has been adopted by several colleges for use as a supplemental american history text. ...more",094b269567e1c300,0,https://books.toscrape.com/catalogue/maude-1883-1993she-grew-up-with-the-country_964/index.html,18,211,REASONABLE,False
penny maybe,default,33.29,3,in stock (18 available) in stock in stock in stock in stock in stock in stock,"sent to yet another foster family, penny decides that the way to claim a sense of self is to swim lake ontario. although this seems impossible, she finds the courage to ask her physics teacher to be her coach, and wins the support of her new foster mother.",668fe56b17cfcd4f,0,https://books.toscrape.com/catalogue/penny-maybe_965/index.html,18,48,COSTLY,False
sophie's world,philosophy,15.94,5,in stock (18 available) in stock in stock in stock in stock in stock in stock,"a page-turning novel that is also an exploration of the great philosophical concepts of western thought, sophie’s world has fired the imagination of readers all over the world, with more than twenty million copies in print.one day fourteen-year-old sophie amundsen comes home from school to find in her mailbox two notes, with one question on each: “who are you?” and “where a page-turning novel that is also an exploration of the great philosophical concepts of western thought, sophie’s world has fired the imagination of readers all over the world, with more than twenty million copies in print.one day fourteen-year-old sophie amundsen comes home from school to find in her mailbox two notes, with one question on each: “who are you?” and “where does the world come from?” from that irresistible beginning, sophie becomes obsessed with questions that take her far beyond what she knows of her norwegian village. through those letters, she enrolls in a kind of correspondence course, covering socrates to sartre, with a mysterious philosopher, while receiving letters addressed to another girl. who is hilde? and why does her mail keep turning up? to unravel this riddle, sophie must use the philosophy she is learning—but the truth turns out to be far more complicated than she could have imagined. ...more",6be3beb0793a53e7,0,https://books.toscrape.com/catalogue/sophies-world_966/index.html,18,212,REASONABLE,True
the bear and the piano,childrens,36.89,1,in stock (18 available) in stock in stock in stock in stock in stock in stock,"one day, a young bear stumbles upon something he has never seen before in the forest. as time passes, he teaches himself how to play the strange instrument, and eventually the beautiful sounds are heard by a father and son who are picnicking in the woods. the bear goes with them on an incredible journey to new york, where his piano playing makes him a huge star. he has fam one day, a young bear stumbles upon something he has never seen before in the forest. as time passes, he teaches himself how to play the strange instrument, and eventually the beautiful sounds are heard by a father and son who are picnicking in the woods. the bear goes with them on an incredible journey to new york, where his piano playing makes him a huge star. he has fame, fortune and all the music in the world, but he misses the friends and family he has left behind. a moving tale of exploration and belonging from an exciting debut author-illustrator. ...more",9f6568e9c95f60b0,0,https://books.toscrape.com/catalogue/the-bear-and-the-piano_967/index.html,18,172,COSTLY,False
the elephant tree,thriller,23.82,5,in stock (18 available) in stock in stock in stock in stock in stock in stock,"mark fallon is an overworked detective investigating a spate of attacks at a string of high profile city centre nightclubs. scott is a dejected 24 year old struggling to make ends meet working for his brother and supplementing his income with a small-scale drug dealing operation. angela is an attractive 23 year old, raised by her father, a career criminal and small time dr mark fallon is an overworked detective investigating a spate of attacks at a string of high profile city centre nightclubs. scott is a dejected 24 year old struggling to make ends meet working for his brother and supplementing his income with a small-scale drug dealing operation. angela is an attractive 23 year old, raised by her father, a career criminal and small time drug dealer who supplies scott with cannabis. this is a chilling tale spanning a few months in the lives of scott and angela, where realizations about the present combine with shocking revelations from the past leading to an apocalyptic climax where they no longer know whom they can trust. ...more",5dada2b7be26bd03,0,https://books.toscrape.com/catalogue/the-elephant-tree_968/index.html,18,177,AFFORDABLE,True
the five love languages: how to express heartfelt commitment to your mate,nonfiction,31.05,3,in stock (18 available) in stock in stock in stock in stock in stock in stock,"are you and your spouse speaking the same language? while love is a many splendored thing, it is sometimes a very confusing thing, too. and as people come in all varieties, shapes, and sizes, so do their choices of personal expressions of love. but more often than not, the giver and the receiver express love in two different ways. this can lead to misunderstanding, quarrel are you and your spouse speaking the same language? while love is a many splendored thing, it is sometimes a very confusing thing, too. and as people come in all varieties, shapes, and sizes, so do their choices of personal expressions of love. but more often than not, the giver and the receiver express love in two different ways. this can lead to misunderstanding, quarrels, and even divorce.quality time, words of affirmation, gifts, acts of service, and physical touch are the five basic love languages. dr. gary chapman identifies these and guides couples towards a better understanding of their unique languages of love. learn to speak and understand your mate's love language, and in no time you will be able to effectively love and truly feel loved in return. skillful communication is within your grasp! ...more",3c039985229453bf,0,https://books.toscrape.com/catalogue/the-five-love-languages-how-to-express-heartfelt-commitment-to-your-mate_969/index.html,18,201,COSTLY,False
the four agreements: a practical guide to personal freedom,spirituality,17.66,5,in stock (18 available) in stock in stock in stock in stock in stock in stock,"in the four agreements, don miguel ruiz reveals the source of self-limiting beliefs that rob us of joy and create needless suffering. based on ancient toltec wisdom, the four agreements offer a powerful code of conduct that can rapidly transform our lives to a new experience of freedom, true happiness, and love. the four agreements are: be impeccable with your word, don't in the four agreements, don miguel ruiz reveals the source of self-limiting beliefs that rob us of joy and create needless suffering. based on ancient toltec wisdom, the four agreements offer a powerful code of conduct that can rapidly transform our lives to a new experience of freedom, true happiness, and love. the four agreements are: be impeccable with your word, don't take anything personally, don't make assumptions, always do your best. ...more",6258a1f6a6dcfe50,0,https://books.toscrape.com/catalogue/the-four-agreements-a-practical-guide-to-personal-freedom_970/index.html,18,135,REASONABLE,True
wall and piece,art,44.18,4,in stock (18 available) in stock in stock in stock in stock in stock in stock,"banksy, britain's now-legendary ""guerilla"" street artist, has painted the walls, streets, and bridges of towns and cities throughout the world. not only did he smuggle his pieces into four of new york city's major art museums, he's also ""hung"" his work at london's tate gallery and adorned israel's west bank barrier with satirical images. banksy's identity remains unknown, banksy, britain's now-legendary ""guerilla"" street artist, has painted the walls, streets, and bridges of towns and cities throughout the world. not only did he smuggle his pieces into four of new york city's major art museums, he's also ""hung"" his work at london's tate gallery and adorned israel's west bank barrier with satirical images. banksy's identity remains unknown, but his work is unmistakable—with prints selling for as much as $45,000. ...more",ccd9ffa25efabdea,0,https://books.toscrape.com/catalogue/wall-and-piece_971/index.html,18,129,COSTLY,False
worlds elsewhere: journeys around shakespeare’s globe,nonfiction,40.3,5,in stock (18 available) in stock in stock in stock in stock in stock in stock,"anti-apartheid activist, bollywood screenwriter, nazi pin-up, hero of the wild west: this is shakespeare as you have never seen him before.from the sixteenth-century baltic to the american revolution, from colonial india to the skyscrapers of modern-day shanghai, shakespeare’s plays appear at the most fascinating of times and in the most unexpected of places. no other writ anti-apartheid activist, bollywood screenwriter, nazi pin-up, hero of the wild west: this is shakespeare as you have never seen him before.from the sixteenth-century baltic to the american revolution, from colonial india to the skyscrapers of modern-day shanghai, shakespeare’s plays appear at the most fascinating of times and in the most unexpected of places. no other writer’s work has been performed, translated, adapted and altered in such a remarkable variety of cultures and languages. but what is it about william shakespeare – a man from warwickshire who never once set foot outside england – that has made him at home in so many places around the globe?travelling across four continents, six countries and 400 years, andrew dickson takes us on a personal journey rich in insight and surprise. we enter the air-conditioned vault deep beneath capitol hill where the world’s largest collection of first folios is stored; discover the shadowy history of joseph goebbels’s obsession with shakespeare; and uncover the true story behind the scuffed edition in which nelson mandela and fellow robben island prisoners inscribed their names. both cultural history and literary travelogue, worlds elsewhere is an attempt to understand how shakespeare has become the international phenomenon he is – and why.""there were very few pages on which i didn’t learn something new or revelatory. a must-read for anyone interested in shakespeare’s impact on people and politics around the globe"" (james shapiro, author of 1599: a year in the life of william shakespeare)""immensely well-informed and highly readable. a revelatory journey of cultural exploration"" (professor stanley wells, general editor of the oxford and penguin shakespeares)""brilliantly original. absolutely engaging, witty and irresistible. what’s most remarkable: he’s said something new about shakespeare"" (michael pye, author of the edge of the world)""a truly original book about shakespeare: one that explores the dramatist's global reach with tenacity, devotion and an exhilarating spirit of adventure"" (michael billington) ...more",4c28def39d850cdf,0,https://books.toscrape.com/catalogue/worlds-elsewhere-journeys-around-shakespeares-globe_972/index.html,18,368,COSTLY,False
aladdin and his wonderful lamp,default,53.13,3,in stock (19 available) in stock in stock in stock in stock in stock in stock,"planning on seeing aladdin the disney musical? read the classic story of ""aladdin and his wonderful lamp"" in this sparkling new edition by harpendore. synopsis: aladdin is a poor boy who lives with his mother in the ancient kingdom of cathay. one day a strange man appears offering untold riches! aladdin is not so sure, yet he's sorely tempted. join aladdin on his incredib planning on seeing aladdin the disney musical? read the classic story of ""aladdin and his wonderful lamp"" in this sparkling new edition by harpendore. synopsis: aladdin is a poor boy who lives with his mother in the ancient kingdom of cathay. one day a strange man appears offering untold riches! aladdin is not so sure, yet he's sorely tempted. join aladdin on his incredible adventures and visit the cave of treasures. a world of magic awaits you, but watch your step - there's mischief lurking at every turn! the arabian nights (also known as the one thousand and one nights) is an ancient collection of tales that have existed for thousands of years. harpendore's arabian nights adventures are beautifully retold versions of these ancient classics that are specially designed to appeal to children aged seven years and above. they are written in a warm and accessible style and include wonderful illustrations inside. with mischief and magic in equal measure, this series is sure to captivate readers everywhere. the arabian nights adventures series is being released throughout 2016 and 2017. stories to be included are: the adventures of prince camar & princess badoura aladdin and his wonderful lamp gulnare of the sea ali baba and the forty thieves the seven voyages of sinbad the sailor the enchanted horse the talking bird, the singing tree and the golden water the merchant and the genie the tale of zubaidah and the three qalandars the adventures of harun al-rashid, caliph of baghdad the three princes, the princess and the jinni pari banou the fisherman and the genie the king's jester (also known as the little hunchback) ...more",904208d6aa64b655,0,https://books.toscrape.com/catalogue/aladdin-and-his-wonderful-lamp_973/index.html,19,337,COSTLY,False
america's cradle of quarterbacks: western pennsylvania's football factory from johnny unitas to joe montana,default,22.5,3,in stock (19 available) in stock in stock in stock in stock in stock in stock,"any fan of the baltimore colts of my era, any fan of my friend and teammate johnny unitas, or, for that matter, any fan of football in general should enjoy wayne stewart's book. it contains great stories, statistics, and information on all of the many great quarterbacks whocame out of western pennsylvania and much more. raymond berry nfl hall of fame wide receiver it’s wel any fan of the baltimore colts of my era, any fan of my friend and teammate johnny unitas, or, for that matter, any fan of football in general should enjoy wayne stewart's book. it contains great stories, statistics, and information on all of the many great quarterbacks whocame out of western pennsylvania and much more. raymond berry nfl hall of fame wide receiver it’s well known that the nfl has been dominated through the years by quarterbacks sown and grown in a relatively small area surrounding the city of pittsburgh in western pennsylvania. in america’s cradle of quarterbacks, author wayne stewart not only tells us who they are, he digs deep to explain the nature and nurture behind the rich harvest of signal callers (montana, unitas, marino, namath, kelly, blanda, etc.) who have risen from that fertile soil to claim lombardi trophies and dominate the gallery of busts in the pro football hall of fame. stewart has written a fascinating book that belongs on the shelves of football historians and everyday fans alike. jeffrey j. miller author of rockin’ the rockpile, buffalo’sforgotten champions, and game changers ...more",c7d160c2c0de586f,0,https://books.toscrape.com/catalogue/americas-cradle-of-quarterbacks-western-pennsylvanias-football-factory-from-johnny-unitas-to-joe-montana_974/index.html,19,252,AFFORDABLE,False
birdsong: a story in pictures,childrens,54.64,3,in stock (19 available) in stock in stock in stock in stock in stock in stock,"bring the thrilling story of one red bird to life. when an innocent bird meets two cruel kids, their world is forever changed. but exactly how that change unfolds is up to you, in the tradition of kamishibai—japanese paper theater. the wordless story by master cartoonist james sturm is like a haiku—the elegant images leave space for children to inhabit this timeless tale—a bring the thrilling story of one red bird to life. when an innocent bird meets two cruel kids, their world is forever changed. but exactly how that change unfolds is up to you, in the tradition of kamishibai—japanese paper theater. the wordless story by master cartoonist james sturm is like a haiku—the elegant images leave space for children to inhabit this timeless tale—and make it their own, leading them to learn an ultimate lesson they'll never forget.james sturm is the author of several books for kids including the adventures in cartooning series (with andrew arnold and alexis frederick-frost) and the forthcoming ape and armadillo. james also helped start a college for cartoonists, the center for cartoon studies, in the small railroad village of white river junction, vermont. ...more",9528d0948525bf5f,0,https://books.toscrape.com/catalogue/birdsong-a-story-in-pictures_975/index.html,19,191,COSTLY,False
black dust,romance,34.53,5,in stock (19 available) in stock in stock in stock in stock in stock in stock,"no matter how busy he keeps himself, successful broadway musician tobias spence can’t outrun the memory of a tragic car crash from his past that claimed a friend’s life and permanently injured his former boyfriend, emmett.even after losing tobias, emmett henderson made peace with that awful night, living in his indiana hometown where he has become a revered choral director no matter how busy he keeps himself, successful broadway musician tobias spence can’t outrun the memory of a tragic car crash from his past that claimed a friend’s life and permanently injured his former boyfriend, emmett.even after losing tobias, emmett henderson made peace with that awful night, living in his indiana hometown where he has become a revered choral director. when his students are asked to perform in new york city, he decides to chance reconnecting with his former love, if for no other reason than to get a proper goodbye.when emmett and tobias finally meet 15 years after parting ways, it is clear to both of them that their feelings for each other have not changed. as they explore their renewed relationship, the two men face old hurts and the new challenges of a long-distance romance. will tobias lose his second chance at love to the ghosts he can’t seem to put to rest? ...more",00bfed9e18bb36f3,0,https://books.toscrape.com/catalogue/black-dust_976/index.html,19,216,COSTLY,False
the natural history of us (the fine art of pretending #2),young adult,45.22,3,in stock (16 available) in stock in stock in stock in stock in stock in stock,"one class assignment. one second chance at love. the school player is all in. now he needs to win back the sweet commitment girl who's forever owned his heart. justin carter has a secret. he's not the total player fairfield academy believes him to be. not really. in fact, he used to be a one-woman guy...and his feelings for her never went away. too bad he broke her heart t one class assignment. one second chance at love. the school player is all in. now he needs to win back the sweet commitment girl who's forever owned his heart. justin carter has a secret. he's not the total player fairfield academy believes him to be. not really. in fact, he used to be a one-woman guy...and his feelings for her never went away. too bad he broke her heart three years ago and made sure to ruin any chance she'd ever forgive him. peyton williams is a liar. she pretends to be whole, counting down the days until graduation and helping her parents at the family ranch. but the truth is, she's done everything she can to get over justin, and salvation is just around the corner. with graduation one short month away, she'll soon break free from the painful memories and start her life fresh. of course, she has to get through working with him on one last assignment first. for justin, nothing ever felt as right as being with peyton, and now that fate's given him a shot at redemption, he's determined to make the most of it. and for peyton...well, justin carter has always been her kryptonite. ...more",cedf82b5086e4691,0,https://books.toscrape.com/catalogue/the-natural-history-of-us-the-fine-art-of-pretending-2_941/index.html,16,271,COSTLY,False
the past never ends,mystery,56.5,4,in stock (16 available) in stock in stock in stock in stock in stock in stock,"a simple task, attorney chester morgan thinks. get a copy of a public record for a young man whose only friend has died in an unexplained accidental death. except... the police file regarding the demise of sex worker tanya everly has been sealed by the order of the chief of police, and no one will talk. warned to drop the matter, attorney morgan knows that if he doesn't sp a simple task, attorney chester morgan thinks. get a copy of a public record for a young man whose only friend has died in an unexplained accidental death. except... the police file regarding the demise of sex worker tanya everly has been sealed by the order of the chief of police, and no one will talk. warned to drop the matter, attorney morgan knows that if he doesn't speak for the dead young woman, no one will. haunted by his discovery of the body of a prominent local oilman, morgan pursues a quest for justice that puts his reputation, career, and life at risk. a journey that takes him into the dark shadows of the sex-for-sale business, into the marble courtrooms of oklahoma, and into the aching loneliness of his own soul. set in the american southwest in the days before 9/11, the past never ends is both a complex murder mystery and a meditation on the self-perpetuating nature of injustice and the ethereal nature of justice itself. ...more",5ee94540d0749ea0,0,https://books.toscrape.com/catalogue/the-past-never-ends_942/index.html,16,238,COSTLY,False
"the pioneer woman cooks: dinnertime: comfort classics, freezer food, 16-minute meals, and other delicious ways to solve supper!",food and drink,56.41,1,in stock (16 available) in stock in stock in stock in stock in stock in stock,"there’s no time like dinnertime!oh, don’t get me wrong. i adore breakfast. i love lunch! but dinnertime definitely tops them all. it’s the time of day when we reunite with our sweeties, our kids, our friends, our parents . . . and catch up on the events of the day over something mouthwatering and delicious. dinnertime anchors us, nourishes us, and reassures us. it’s the gr there’s no time like dinnertime!oh, don’t get me wrong. i adore breakfast. i love lunch! but dinnertime definitely tops them all. it’s the time of day when we reunite with our sweeties, our kids, our friends, our parents . . . and catch up on the events of the day over something mouthwatering and delicious. dinnertime anchors us, nourishes us, and reassures us. it’s the greatest meal of the day! the pioneer woman cooks: dinnertime is a beloved collection of all the scrumptious supper recipes that make their way through my kitchen in regular rotation, from main dish salads to satisfying soups to hearty casseroles to comfort food classics . . . and everything in between. i lay out all the different ways i tackle dinner in my house, from super-quick 16-minute meals to make-ahead freezer food to irresistible pastas and a bundle of brand-new favorites of my crew.you’ll want to immediately dive into surefire hits like tomato soup with parmesan croutons, buffalo chicken salad, baked ziti, and shrimp scampi. but just wait till you try the cashew chicken, french dip sandwiches, chicken marsala, and beef stroganoff. and don’t even get me started on the tomato tart, chicken with mustard cream sauce, and pan-fried pork chops. you’ll have a very tough time deciding on a favorite!to take away the guesswork, i made sure to include all the step-by-step recipe photos i love to share, and i packed as much deliciousness into each chapter as possible. my hope is that you will turn to this book regularly to solve your dinnertime dilemmas, and that you will use these recipes to feed your family time and time again. the more stains, smudges, and smears on the pages, the better!enjoy dinnertime in your household, friends! ...more",142d767a56a9254d,0,https://books.toscrape.com/catalogue/the-pioneer-woman-cooks-dinnertime-comfort-classics-freezer-food-16-minute-meals-and-other-delicious-ways-to-solve-supper_943/index.html,16,359,COSTLY,False
the secret of dreadwillow carse,childrens,56.13,1,in stock (16 available) in stock in stock in stock in stock in stock in stock,"a princess and a peasant girl must embark on a dangerous quest to outwit a centuries-old warning foretelling the fall of the monarchy in this modern fairytale. in the center of the verdant monarchy lies dreadwillow carse, a black and desolate bog that the happy people of the land do their best to ignore. little is known about it, except for one dire warning: if any monarc a princess and a peasant girl must embark on a dangerous quest to outwit a centuries-old warning foretelling the fall of the monarchy in this modern fairytale. in the center of the verdant monarchy lies dreadwillow carse, a black and desolate bog that the happy people of the land do their best to ignore. little is known about it, except for one dire warning: if any monarch enters dreadwillow carse, then the monarchy will fall. twelve-year-old princess jeniah yearns to know what the marsh could possibly conceal that might topple her family’s thousand-year reign of peace and prosperity. meanwhile, in the nearby town of emberfell, where everyone lives with unending joy, a girl named aon hides a sorrow she can never reveal. she knows that something in the carse--something that sings a haunting tune only aon can hear--holds the cure for her sadness. yet no matter how many times she tries to enter, the terror-inducing dreadwillow trees keep her away. after a chance meeting, princess jeniah and aon hatch a plan to send aon into the heart of the carse to unlock its darkest secret. but when aon doesn’t return, a guilt-stricken jeniah must enter the carse to try and rescue her friend--even if it means risking the entire monarchy. ...more",b5ea0b5dabed25a8,0,https://books.toscrape.com/catalogue/the-secret-of-dreadwillow-carse_944/index.html,16,278,COSTLY,False
the torch is passed: a harding family story,add a comment,19.09,1,in stock (16 available) in stock in stock in stock in stock in stock in stock,"andrea harding is a recent college graduate looking forward to attending duke law school when her world is turned upside down by the shooting of her father, nicholas, and uncle, michael, in a surprising and puzzling attack. they are the only family she has, aside from her paternal grandmother dorothy, so when her uncle dies from the attack and her father lays comatose in i andrea harding is a recent college graduate looking forward to attending duke law school when her world is turned upside down by the shooting of her father, nicholas, and uncle, michael, in a surprising and puzzling attack. they are the only family she has, aside from her paternal grandmother dorothy, so when her uncle dies from the attack and her father lays comatose in icu, it falls to andrea to not only investigate who would want to kill her father and uncle, but also to oversee harding industries, the family company. when her father’s longtime attorney and one of a handful of family friends, beth cowling, rushes to help andrea long distance, the youngest harding soon finds herself surrounded by a bevy of intriguing new friends and helpers. first to arrive is beth’s own daughter, riva, acting as andrea’s attorney after andrea is violently attacked in her father’s home, where she grew up, forcing her to kill both would-be assassins. when nicholas’s on again/off again lover, state prosecutor and gubernatorial hopeful kerry marcus, is equally at a loss to name suspects in the harding family attacks, riva begins her own investigation into the short list of family friends and colleagues, including don marshall, former colleague of nicholas’s at marshall pharmaceutical, which don now runs, and don’s wife karen. marshall has a shady past, including an incident at his company that also involved andrea’s father. she also looks closely at marcus ricci, father of andrea’s closest high school friend, jason. after jason’s death from leukemia, ricci becomes like a second father to andrea. ricci is also widely believed to have ties to the new jersey mob. but beth has another contact she wants involved in the investigation, deirdre southington, daughter of beth’s old friend cordelia southington. the southington family has more money than god, as well as, through deirdre, more contacts in the intriguing world of international espionage. a former nsa agent, deirdre is mysterious and beautiful in a cold way. an eccentric who travels via private rail car, she is also extraordinarily persuasive, holding a phd in forensic psychology that she has put to great use in both her work with the nsa and on her own, as a defender of good, rooting out evil doers and ensuring they are brought to her own brand of justice. andrea, riva, and deirdre all also cast a suspicious eye on the oakes brothers, carlton and jefferson, who run oakes industries along with their silent partner and cousin, new jersey state senator schuyler colfax, who also has his eye on the governor’s seat. oakes industries has recently made an attempt to purchase harding industries, a seemingly irrational move that is rebuffed by nicholas. what no one knows until much later is that the oakes brothers have entered into a business deal with russian mobster viktor roman, who represents the real party interested in acquiring harding industries, a vor, russian organized crime unit, with heavy international interests in the energy sector. andrea matures quickly as she rapidly learns who she can and cannot trust during her search for the people out to kill her family. along with her new friends and advocates, she discovers harding industries holds a soon to expire option to buy property that could become the source of untold billions from oil reserves, and moves in the nick of time to exercise their right to purchase. but the biggest blow for the harding family is yet to come—the discovery that viktor roman has promised kerry marcus the governor’s seat in exchange for information about the hardings, including nicholas and michael’s whereabouts on the night they are shot. ultimately, andrea chooses to forego law school and becomes her father’s new partner in harding industries, no doubt with many adventures yet to come. masterfully told using a smattering of historical facts along with a soundtrack of classical music masterpieces, this thriller keeps readers on edge until the very end. ...more",4eed62cf5f8d8edf,0,https://books.toscrape.com/catalogue/the-torch-is-passed-a-harding-family-story_945/index.html,16,722,REASONABLE,False
thirst,fiction,17.27,5,in stock (16 available) in stock in stock in stock in stock in stock in stock,"on a searing summer friday, eddie chapman has been stuck for hours in a traffic jam. there are accidents along the highway, but ambulances and police are conspicuously absent. when he decides to abandon his car and run home, he sees that the trees along the edge of a stream have been burnt, and the water in the streambed is gone. something is very wrong.when he arrives hom on a searing summer friday, eddie chapman has been stuck for hours in a traffic jam. there are accidents along the highway, but ambulances and police are conspicuously absent. when he decides to abandon his car and run home, he sees that the trees along the edge of a stream have been burnt, and the water in the streambed is gone. something is very wrong.when he arrives home, the power is out and there is no running water. the pipes everywhere, it seems, have gone dry. eddie and his wife, laura, find themselves thrust together with their neighbors while a sense of unease thickens in the stifling night air. thirst takes place in the immediate aftermath of a mysterious disaster--the chapmans and their neighbors suffer the effects of the heat, their thirst, and the terrifying realization that no one is coming to help. as violence rips through the community, eddie and laura are forced to recall secrets from their past and question their present humanity. in crisp and convincing prose, ben warner compels readers to do the same. what might you do to survive? ...more",709822d0b5bcb7f4,0,https://books.toscrape.com/catalogue/thirst_946/index.html,16,253,REASONABLE,True
this one summer,sequential art,19.49,4,in stock (16 available) in stock in stock in stock in stock in stock in stock,"every summer, rose goes with her mom and dad to a lake house in awago beach. it's their getaway, their refuge. rosie's friend windy is always there, too, like the little sister she never had. but this summer is different. rose's mom and dad won't stop fighting, and when rose and windy seek a distraction from the drama, they find themselves with a whole new set of problems. every summer, rose goes with her mom and dad to a lake house in awago beach. it's their getaway, their refuge. rosie's friend windy is always there, too, like the little sister she never had. but this summer is different. rose's mom and dad won't stop fighting, and when rose and windy seek a distraction from the drama, they find themselves with a whole new set of problems. it's a summer of secrets and sorrow and growing up, and it's a good thing rose and windy have each other.in this one summer two stellar creators redefine the teen graphic novel. cousins mariko and jillian tamaki, the team behind skim, have collaborated on this gorgeous, heartbreaking, and ultimately hopeful story about a girl on the cusp of her teen age — a story of renewal and revelation. ...more",51653ef291ab7ddc,0,https://books.toscrape.com/catalogue/this-one-summer_947/index.html,16,205,REASONABLE,True
throwing rocks at the google bus: how growth became the enemy of prosperity,nonfiction,31.12,3,in stock (16 available) in stock in stock in stock in stock in stock in stock,"capital in the twenty-first century meets the second machine age in this stunning and optimistic tour de force on the promise and peril of the digital economy, from one of the most brilliant social critics of our time. digital technology was supposed to usher in a new age of endless prosperity, but so far it has been used to put industrial capitalism on steroids, makin capital in the twenty-first century meets the second machine age in this stunning and optimistic tour de force on the promise and peril of the digital economy, from one of the most brilliant social critics of our time. digital technology was supposed to usher in a new age of endless prosperity, but so far it has been used to put industrial capitalism on steroids, making it harder for people and businesses to keep up. social networks surrender their original missions to more immediately profitable data mining, while brokerage houses abandon value investing for algorithms that drain markets and our 401ks alike--all tactics driven by the need to stoke growth by any means necessary. instead of taking this opportunity to reprogram our economy for sustainability, we have doubled down on growth as its core command. we have reached the limits of this approach. we must escape the growth trap, once and for all. media scholar and technology author douglas rushkoff--one of today's most original and influential thinkers--argues for a new economic program that utilizes the unique distributive power of the internet while breaking free of the winner-take-all system the growth trap leaves in its wake. drawing on sources both contemporary and historical, rushkoff pioneers a new understanding of the old economic paradigm, from central currency to debt to corporations and labor.most importantly, he offers a series of practical steps for businesses, consumers, investors, and policymakers to remake the economic operating system from the inside out--and prosper along the way. instead of boycotting wal-mart or overtaxing the wealthy, we simply implement strategies that foster the creation of value by stakeholders other than just ourselves. from our currency to our labor to the corporation, every aspect of the economy can be reprogrammed with minimal disruption to create a more equitably distributed prosperity for all.inspiring and challenging, throwing rocks at the google bus provides a pragmatic, optimistic, and human-centered model for economic progress in the digital age. ...more",7858914fad68493c,0,https://books.toscrape.com/catalogue/throwing-rocks-at-the-google-bus-how-growth-became-the-enemy-of-prosperity_948/index.html,16,389,COSTLY,False
tsubasa: world chronicle 2 (tsubasa world chronicle #2),sequential art,16.28,1,in stock (16 available) in stock in stock in stock in stock in stock in stock,"dual worlds, dual sights in the land of nirai kanai, there are two realms, one that is the ""outside"" world, and another that is ""inside"" and hidden from the rest of reality. at the request of the holy himegami, syaoran ventures into this inside realm to investigate an anomaly, but what he sees there is very different from what fai and kurogane see. what does this discrepa dual worlds, dual sights in the land of nirai kanai, there are two realms, one that is the ""outside"" world, and another that is ""inside"" and hidden from the rest of reality. at the request of the holy himegami, syaoran ventures into this inside realm to investigate an anomaly, but what he sees there is very different from what fai and kurogane see. what does this discrepancy mean, and what can they do to overcome it?! ...more",09555be379ad9253,0,https://books.toscrape.com/catalogue/tsubasa-world-chronicle-2-tsubasa-world-chronicle-2_949/index.html,16,144,REASONABLE,False
"unbound: how eight technologies made us human, transformed society, and brought our world to the brink",history,25.52,1,in stock (16 available) in stock in stock in stock in stock in stock in stock,"although we usually think of technology as something unique to modern times, our ancestors began to create the first technologies millions of years ago in the form of prehistoric tools and weapons. over time, eight key technologies gradually freed us from the limitations of our animal origins.the fabrication of weapons, the mastery of fire, and the technologies of clothing although we usually think of technology as something unique to modern times, our ancestors began to create the first technologies millions of years ago in the form of prehistoric tools and weapons. over time, eight key technologies gradually freed us from the limitations of our animal origins.the fabrication of weapons, the mastery of fire, and the technologies of clothing and shelter radically restructured the human body, enabling us to walk upright, shed our body hair, and migrate out of tropical africa. symbolic communication transformed human evolution from a slow biological process into a fast cultural process. the invention of agriculture revolutionized the relationship between humanity and the environment, and the technologies of interaction led to the birth of civilization. precision machinery spawned the industrial revolution and the rise of nation-states; and in the next metamorphosis, digital technologies may well unite all of humanity for the benefit of future generations.synthesizing the findings of primatology, paleontology, archeology, history, and anthropology, richard currier reinterprets and retells the modern narrative of human evolution that began with the discovery of lucy and other australopithecus fossils. but the same forces that allowed us to integrate technology into every aspect of our daily lives have also brought us to the brink of planetary catastrophe. unbound explains both how we got here and how human society must be transformed again to achieve a sustainable future.technology: “the deliberate modification of any natural object or substance with forethought to achieve a specific end or to serve a specific purpose.” ...more",9a9d6e9bc555731e,0,https://books.toscrape.com/catalogue/unbound-how-eight-technologies-made-us-human-transformed-society-and-brought-our-world-to-the-brink_950/index.html,16,309,AFFORDABLE,False
unicorn tracks,fantasy,18.78,3,in stock (16 available) in stock in stock in stock in stock in stock in stock,"after a savage attack drives her from her home, sixteen-year-old mnemba finds a place in her cousin tumelo’s successful safari business, where she quickly excels as a guide. surrounding herself with nature and the mystical animals inhabiting the savannah not only allows mnemba’s tracking skills to shine, it helps her to hide from the terrible memories that haunt her.mnemba after a savage attack drives her from her home, sixteen-year-old mnemba finds a place in her cousin tumelo’s successful safari business, where she quickly excels as a guide. surrounding herself with nature and the mystical animals inhabiting the savannah not only allows mnemba’s tracking skills to shine, it helps her to hide from the terrible memories that haunt her.mnemba is employed to guide mr. harving and his daughter, kara, through the wilderness as they study unicorns. the young women are drawn to each other, despite that fact that kara is betrothed. during their research, they discover a conspiracy by a group of poachers to capture the unicorns and exploit their supernatural strength to build a railway. together, they must find a way to protect the creatures kara adores while resisting the love they know they can never indulge. ...more",7ae099f3898e0209,0,https://books.toscrape.com/catalogue/unicorn-tracks_951/index.html,16,198,REASONABLE,False
"unseen city: the majesty of pigeons, the discreet charm of snails & other wonders of the urban wilderness",nonfiction,44.18,4,in stock (16 available) in stock in stock in stock in stock in stock in stock,"it all started with nathanael johnson’s decision to teach his daughter the name of every tree they passed on their walk to day care in san francisco. this project turned into a quest to discover the secrets of the neighborhood’s flora and fauna, and yielded more than names and trivia: johnson developed a relationship with his nonhuman neighbors.johnson argues that learning it all started with nathanael johnson’s decision to teach his daughter the name of every tree they passed on their walk to day care in san francisco. this project turned into a quest to discover the secrets of the neighborhood’s flora and fauna, and yielded more than names and trivia: johnson developed a relationship with his nonhuman neighbors.johnson argues that learning to see the world afresh, like a child, shifts the way we think about nature: instead of something distant and abstract, nature becomes real—all at once comical, annoying, and beautiful. this shift can add tremendous value to our lives, and it might just be the first step in saving the world.no matter where we live—city, country, oceanside, ormountains—there are wonders that we walk past every day. unseen city widens the pinhole of our perspective by allowing us to view the world from the high-altitude eyes of a turkey vulture and the distinctly low-altitude eyes of a snail. the narrative allows us to eavesdrop on the comically frenetic life of a squirrel and peer deep into the past with a ginkgo biloba tree. each of these organisms has something unique to tell us about our neighborhoods and, chapter by chapter, unseen city takes us on a journey that is part nature lesson and part love letter to the world’s urban jungles. with the right perspective, a walk to the subway can be every bit as entrancing as a walk through a national park. ...more",d170b5a0da46380e,0,https://books.toscrape.com/catalogue/unseen-city-the-majesty-of-pigeons-the-discreet-charm-of-snails-other-wonders-of-the-urban-wilderness_952/index.html,16,305,COSTLY,False
untitled collection: sabbath poems 2014,poetry,14.27,4,in stock (16 available) in stock in stock in stock in stock in stock in stock,"more than thirty-five years ago, when the weather allowed, wendell berry began spending his sabbaths outdoors, walking and wandering around familiar territory, seeking a deep intimacy only time could provide. these walks arranged themselves into poems and each year since he has completed a sequence dated by the year of its composition. last year we collected the lot into a more than thirty-five years ago, when the weather allowed, wendell berry began spending his sabbaths outdoors, walking and wandering around familiar territory, seeking a deep intimacy only time could provide. these walks arranged themselves into poems and each year since he has completed a sequence dated by the year of its composition. last year we collected the lot into a collection, this day, the sabbath poems 1979-2013. this new sequence for the following year is one of the richest yet. this group provides a virtual syllabus for all of mr. berry’s cultural and agricultural work in concentrated form. many of these poems are drawn from the view from a small porch in the woods, a place of stillness and reflection, a vantage point “of the one/life of the forest composed/of uncountable lives in countless/years each life coherent itself within/ the coherence, the great composure,/of all.” a new collection of wendell berry poems is always an occasion of joyful celebration and this one is especially so. ...more",657fe5ead67a7767,0,https://books.toscrape.com/catalogue/untitled-collection-sabbath-poems-2014_953/index.html,16,226,REASONABLE,True
"we love you, charlie freeman",fiction,50.27,5,in stock (16 available) in stock in stock in stock in stock in stock in stock,"the freeman family--charles, laurel, and their daughters, teenage charlotte and nine-year-old callie--have been invited to the toneybee institute in rural massachusetts to participate in a research experiment. they will live in an apartment on campus with charlie, a young chimp abandoned by his mother. the freemans were selected for the experiment because they know sign la the freeman family--charles, laurel, and their daughters, teenage charlotte and nine-year-old callie--have been invited to the toneybee institute in rural massachusetts to participate in a research experiment. they will live in an apartment on campus with charlie, a young chimp abandoned by his mother. the freemans were selected for the experiment because they know sign language; they are supposed to teach it to charlie and welcome him as a member of their family. isolated in their new, nearly all-white community not just by their race but by their strange living situation, the freemans come undone. and when charlotte discovers the truth about the institute’s history of questionable studies, the secrets of the past begin to invade the present. the power of this novel resides in kaitlyn greenidge’s undeniable storytelling talents. what appears to be a story of mothers and daughters, of sisterhood put to the test, of adolescent love and grown-up misconduct, and of history’s long reach, becomes a provocative and compelling exploration of america’s failure to find a language to talk about race. ...more",8d455c7539795d2a,0,https://books.toscrape.com/catalogue/we-love-you-charlie-freeman_954/index.html,16,231,COSTLY,False
when we collided,contemporary,31.77,1,in stock (16 available) in stock in stock in stock in stock in stock in stock,"we are seventeen and shattered and still dancing. we have messy, throbbing hearts, and we are stronger than anyone could ever know…jonah never thought a girl like vivi would come along.vivi didn’t know jonah would light up her world.neither of them expected a summer like this…a summer that would rewrite their futures.in an unflinching story about new love, old wounds, and we are seventeen and shattered and still dancing. we have messy, throbbing hearts, and we are stronger than anyone could ever know…jonah never thought a girl like vivi would come along.vivi didn’t know jonah would light up her world.neither of them expected a summer like this…a summer that would rewrite their futures.in an unflinching story about new love, old wounds, and forces beyond our control, two teens find that when you collide with the right person at just the right time, it will change you forever. ...more",3ecb690d1542c568,0,https://books.toscrape.com/catalogue/when-we-collided_955/index.html,16,148,COSTLY,False
without borders (wanderlove #1),new adult,45.07,2,in stock (16 available) in stock in stock in stock in stock in stock in stock,"for annie london, a month in a central american rainforest means handing out mosquito nets, giving medical aid, and teaching children about the birds and the bees. with any luck, it will also land her application in the “accepted” pile at a top tier medical school. but as soon as she steps off the plane, annie realizes her bug spray, feeble spanish, and medical supplies wo for annie london, a month in a central american rainforest means handing out mosquito nets, giving medical aid, and teaching children about the birds and the bees. with any luck, it will also land her application in the “accepted” pile at a top tier medical school. but as soon as she steps off the plane, annie realizes her bug spray, feeble spanish, and medical supplies won’t help her deal with her new feelings for felipe—her best friend's older brother, who's much hotter than she remembers, and who also happens to be the doctor in charge of the trip.gawking “volun-tourists” may keep his family’s medical clinic afloat, but dr. felipe gutierrez doesn’t have to like them. or the way they make snap judgments about his practice and the people he cares for. but when his old crush, annie, shows up to volunteer, her killer curves and kind smile fan the embers of a flame felipe didn’t realize he’d been carrying. a flame that makes him question all his preconceived notions.as ideas and cultures clash, annie and felipe must decide how far outside their comfort zones they are willing to go—both for their work and for one another. ...more",acddfeab2a407640,0,https://books.toscrape.com/catalogue/without-borders-wanderlove-1_956/index.html,16,263,COSTLY,False
"rat queens, vol. 3: demons (rat queens (collected editions) #11-15)",sequential art,50.4,3,in stock (16 available) in stock in stock in stock in stock in stock in stock,"having survived the end of the world, the queens follow hannah back to where it all began: mage university. a long perilous journey awaits the rat queens as they attempt to find out what happened to hannah's father while battling their own demons. collects rat queens #11-15",c82a3e358c773c73,0,https://books.toscrape.com/catalogue/rat-queens-vol-3-demons-rat-queens-collected-editions-11-15_921/index.html,16,47,COSTLY,False
reskilling america: learning to labor in the twenty-first century,nonfiction,19.83,2,in stock (16 available) in stock in stock in stock in stock in stock in stock,"from katherine newman, award-winning author of no shame in my game, and sociologist hella winston, a sharp and irrefutable call to reenergize this nation's long-neglected system of vocational trainingafter decades of off-shoring and downsizing that have left blue collar workers obsolete and stranded, the united states is now on the verge of an industrial renaissance. but w from katherine newman, award-winning author of no shame in my game, and sociologist hella winston, a sharp and irrefutable call to reenergize this nation's long-neglected system of vocational trainingafter decades of off-shoring and downsizing that have left blue collar workers obsolete and stranded, the united states is now on the verge of an industrial renaissance. but we don't have a skilled enough labor pool to fill the positions that will be created, which are in many cases technically demanding and require specialized skills. a decades-long series of idealistic educational policies with the expressed goal of getting every student to go to college has left a generation of potential workers out of the system. touted as a progressive, egalitarian institution providing opportunity even to those with the greatest need, the american secondary school system has in fact deepened existing inequalities.we can do better, argue acclaimed sociologists katherine newman and hella winston. taking a page from the successful experience of countries like germany and austria, where youth unemployment is a mere 7%, they call for a radical reevaluation of the idea of vocational training, long discredited as an instrument of tracking. the united states can prepare a new, high-performance labor force if we revamp our school system to value industry apprenticeship and rigorous technical education. by doing so, we will not only be able to meet the growing demand for skilled employees in dozens of sectors where employers decry the absence of well trained workers -- we will make the american dream accessible to all. ...more",d7310206583a54b6,0,https://books.toscrape.com/catalogue/reskilling-america-learning-to-labor-in-the-twenty-first-century_922/index.html,16,311,REASONABLE,False
"saga, volume 5 (saga (collected editions) #5)",sequential art,51.04,2,in stock (16 available) in stock in stock in stock in stock in stock in stock,"multiple storylines collide in this cosmos-spanning new volume. while gwendolyn and lying cat risk everything to find a cure for the will, marko makes an uneasy alliance with prince robot iv to find their missing children, who are trapped on a strange world with terrifying new enemies. collects saga #25-30.",53a3d11bb568cc8b,0,https://books.toscrape.com/catalogue/saga-volume-5-saga-collected-editions-5_923/index.html,16,50,COSTLY,False
"saga, volume 6 (saga (collected editions) #6)",fantasy,25.02,3,in stock (16 available) in stock in stock in stock in stock in stock in stock,"after a dramatic time jump, the three-time eisner award winner for best continuing series continues to evolve, as hazel begins the most exciting adventure of her life: kindergarten. meanwhile, her star-crossed family learns hard lessons of their own.collects saga #31-36",c849f0b2f5d6a742,0,https://books.toscrape.com/catalogue/saga-volume-6-saga-collected-editions-6_924/index.html,16,40,AFFORDABLE,False
security,horror,39.25,2,in stock (16 available) in stock in stock in stock in stock in stock in stock,"“original and imaginative . . . ripping suspense, sheer terror, and a wrenching love story.” —sandra brown, new york times bestselling author of frictionthe terrible truth about manderley is that someone is always watching. manderley resort is a gleaming, new twenty-story hotel on the california coast. it’s about to open its doors, and the world--at least those with the me “original and imaginative . . . ripping suspense, sheer terror, and a wrenching love story.” —sandra brown, new york times bestselling author of frictionthe terrible truth about manderley is that someone is always watching. manderley resort is a gleaming, new twenty-story hotel on the california coast. it’s about to open its doors, and the world--at least those with the means to afford it--will be welcomed into a palace of opulence and unparalleled security. but someone is determined that manderley will never open. the staff has no idea that their every move is being watched, and over the next twelve hours they will be killed off, one by one. writing in the tradition of edgar allan poe and stephen king, and with a deep bow to daphne du maurier, author gina wohlsdorf pairs narrative ingenuity and razor-wire prose with quick twists, sharp turns, and gasp-inducing terror. security is grand guignol storytelling at its very best. a shocking thriller, a brilliant narrative puzzle, and a multifaceted love story unlike any other, security marks the debut of a fearless and gifted writer. “be surprised, be very surprised: gina wohlsdorf brings more than just plot twists and a terrifically tender love story to this thriller . . . it’s her playful homage to hitchcock and du maurier that had me reading, howling, and just plain loving this novel.” —sara gruen, author of at the water’s edge “grand hotel meets psycho in the age of surveillance . . . security is cinematically vivid, crisply written, and sharp enough to cut . . . wohlsdorf brilliantly subverts our expectations of the action genre in this smart, shocking, poignant thriller.” —emily croy barker, author of the thinking woman’s guide to real magic “the thrill of this novel goes beyond its wickedly clever, split-screen, high-tech wizardry—a kind of video gamer’s literary retake of hitchcock’s rear window--and emanates from its strange, disembodied narrator . . . the effect is terrifying, sexy, dizzying, and impossible to look away from.” —tim johnston, author of descent “shocking and filled with tarantino-ish dark humor. . . structurally reminiscent of the amazing jennifer egan,wohlsdorf’s book is certainly a hybrid, like nothing else. get ready.” —ann beattie, author of the state we’re in “flawless . . . security is perfectly tuned for blockbuster status . . . they don’t make a hotel big enough to house all the people who will want to read this, and soon, as in manderley, all eyes will be on wohlsdorf.” —daniel kraus, booklist, starred review ...more",6f78a0d744c35456,0,https://books.toscrape.com/catalogue/security_925/index.html,16,477,COSTLY,False
soul reader,default,39.58,2,in stock (16 available) in stock in stock in stock in stock in stock in stock,along with magic realism and a plethora of literary references throughout issues such as free will and identity flood the pages. what if your destiny was decided for you? what if you were meant for more?,e6af5bf1163c1151,0,https://books.toscrape.com/catalogue/soul-reader_926/index.html,16,36,COSTLY,False
spark joy: an illustrated master class on the art of organizing and tidying up,nonfiction,41.83,4,in stock (16 available) in stock in stock in stock in stock in stock in stock,"marie kondo’s unique konmari method of tidying up is nothing short of life-changing—and her first book, the life-changing magic of tidying up, has become a worldwide sensation. in spark joy, kondo presents an in-depth, illustrated manual on how to declutter and organize specific items throughout the house, from kitchen and bathroom items to work-related papers and hobby co marie kondo’s unique konmari method of tidying up is nothing short of life-changing—and her first book, the life-changing magic of tidying up, has become a worldwide sensation. in spark joy, kondo presents an in-depth, illustrated manual on how to declutter and organize specific items throughout the house, from kitchen and bathroom items to work-related papers and hobby collections. user-friendly line drawings illustrate kondo’s patented folding method as it applies to shirts, pants, socks, and jackets, as well as images of properly organized drawers, closets, and cabinets. this book is perfect for anyone who wants a home—and life—that sparks joy. ...more",87b0615b6e1f4d7b,0,https://books.toscrape.com/catalogue/spark-joy-an-illustrated-master-class-on-the-art-of-organizing-and-tidying-up_927/index.html,16,158,COSTLY,False
the activist's tao te ching: ancient advice for a modern revolution,spirituality,32.24,5,in stock (16 available) in stock in stock in stock in stock in stock in stock,"change and anger are in the air. looking for answers to today’s wrenching challenges, william martin turns to the tao te ching and finds that while taoism is known for its quiet, enigmatic wisdom, the tao can also have the cleansing force of a rushing river.through his interpretation of this ancient chinese text, martin elucidates revolutionary messages condemning power-se change and anger are in the air. looking for answers to today’s wrenching challenges, william martin turns to the tao te ching and finds that while taoism is known for its quiet, enigmatic wisdom, the tao can also have the cleansing force of a rushing river.through his interpretation of this ancient chinese text, martin elucidates revolutionary messages condemning power-seeking and greed. he emphasizes that humans have a “natural virtue” that can help them heal the planet; shows how taoism’s simplicity can be subversive and its flexibility a potent force; and reassures that “when injustice is the rule, justice always lies in wait.”provocative and stirring, martin’s tao flows within and through those who ride the waves of anger and frustration and gently guides them to true freedom.“we have learned the secret of transformation: injustice feeds our determination. hate increases our love. wounds bring forth our healing, and fear uncovers our courage and serenity.”— from the activist’s tao te ching ...more",7d6d2a6c0276f81b,0,https://books.toscrape.com/catalogue/the-activists-tao-te-ching-ancient-advice-for-a-modern-revolution_928/index.html,16,218,COSTLY,False
the age of genius: the seventeenth century and the birth of the modern mind,history,19.73,1,in stock (16 available) in stock in stock in stock in stock in stock in stock,"the age of genius explores the eventful intertwining of outward event and inner intellectual life to tell, in all its richness and depth, the story of the 17th century in europe. it was a time of creativity unparalleled in history before or since, from science to the arts, from philosophy to politics. acclaimed philosopher and historian a.c. grayling points to three primar the age of genius explores the eventful intertwining of outward event and inner intellectual life to tell, in all its richness and depth, the story of the 17th century in europe. it was a time of creativity unparalleled in history before or since, from science to the arts, from philosophy to politics. acclaimed philosopher and historian a.c. grayling points to three primary factors that led to the rise of vernacular (popular) languages in philosophy, theology, science, and literature; the rise of the individual as a general and not merely an aristocratic type; and the invention and application of instruments and measurement in the study of the natural world.grayling vividly reconstructs this unprecedented era and breathes new life into the major figures of the seventeenth century intelligentsia who span literature, music, science, art, and philosophy--shakespeare, monteverdi, galileo, rembrandt, locke, newton, descartes, vermeer, hobbes, milton, and cervantes, among many more. during this century, a fundamentally new way of perceiving the world emerged as reason rose to prominence over tradition, and the rights of the individual took center stage in philosophy and politics, a paradigmatic shift that would define western thought for centuries to come. ...more",a3d2a4250807f1e9,0,https://books.toscrape.com/catalogue/the-age-of-genius-the-seventeenth-century-and-the-birth-of-the-modern-mind_929/index.html,16,255,REASONABLE,False
the art forger,add a comment,40.76,3,in stock (16 available) in stock in stock in stock in stock in stock in stock,"on march 18, 1990, thirteen works of art today worth over $500 million were stolen from the isabella stewart gardner museum in boston. it remains the largest unsolved art heist in history, and claire roth, a struggling young artist, is about to discover that there’s more to this crime than meets the eye.making a living reproducing famous artworks for a popular online retai on march 18, 1990, thirteen works of art today worth over $500 million were stolen from the isabella stewart gardner museum in boston. it remains the largest unsolved art heist in history, and claire roth, a struggling young artist, is about to discover that there’s more to this crime than meets the eye.making a living reproducing famous artworks for a popular online retailer and desperate to improve her situation, claire is lured into a faustian bargain with aiden markel, a powerful gallery owner. she agrees to forge a painting—a degas masterpiece stolen from the gardner museum—in exchange for a one-woman show in his renowned gallery. but when that very same long-missing degas painting is delivered to claire’s studio, she begins to suspect that it may itself be a forgery.her desperate search for the truth leads claire into a labyrinth of deceit where secrets hidden since the late nineteenth century may be the only evidence that can now save her life. ...more",80cfab6bcff3a244,0,https://books.toscrape.com/catalogue/the-art-forger_930/index.html,16,224,COSTLY,False
"the bulletproof diet: lose up to a pound a day, reclaim energy and focus, upgrade your life",health,49.05,3,in stock (16 available) in stock in stock in stock in stock in stock in stock,"in his midtwenties, dave asprey was a successful silicon valley multimillionaire. he also weighed 300 pounds, despite the fact that he was doing what doctors recommended: eating 1,800 calories a day and working out 90 minutes a day, six times a week. when his excess fat started causing brain fog and food cravings sapped his energy and willpower, asprey turned to the same h in his midtwenties, dave asprey was a successful silicon valley multimillionaire. he also weighed 300 pounds, despite the fact that he was doing what doctors recommended: eating 1,800 calories a day and working out 90 minutes a day, six times a week. when his excess fat started causing brain fog and food cravings sapped his energy and willpower, asprey turned to the same hacking techniques that made his fortune to ""hack"" his own biology, investing more than $300,000 and 15 years to uncover what was hindering his energy, performance, appearance, and happiness. from private brain eeg facilities to remote monasteries in tibet, through radioactive brain scans, blood chemistry work, nervous system testing, and more, he explored traditional and alternative technologies to reach his physical and mental prime. the result? the bulletproof diet, an anti-inflammatory program for hunger-free, rapid weight loss and peak performance. the bulletproof diet will challenge—and change—the way you think about weight loss and wellness. you will skip breakfast, stop counting calories, eat high levels of healthy saturated fat, work out and sleep less, and add smart supplements.in doing so, you'll gain energy, build lean muscle, and watch the pounds melt off. by ditching traditional ""diet"" thinking, asprey went from being overweight and sick in his twenties to maintaining a 100-pound weight loss, increasing his iq, and feeling better than ever in his forties. the bulletproof diet is your blueprint to a better life. ...more",43c6a960757cf559,0,https://books.toscrape.com/catalogue/the-bulletproof-diet-lose-up-to-a-pound-a-day-reclaim-energy-and-focus-upgrade-your-life_931/index.html,16,301,COSTLY,False
the death of humanity: and the case for life,philosophy,58.11,4,in stock (16 available) in stock in stock in stock in stock in stock in stock,"do you believe human life is inherently valuable? unfortunately, in the secularized age of state-sanctioned euthanasia and abortion-on-demand, many are losing faith in the simple value of human life. to the disillusioned, human beings are a cosmic accident whose intrinsic value is worth no more than other animals.the death of humanity explores our culture's declining respe do you believe human life is inherently valuable? unfortunately, in the secularized age of state-sanctioned euthanasia and abortion-on-demand, many are losing faith in the simple value of human life. to the disillusioned, human beings are a cosmic accident whose intrinsic value is worth no more than other animals.the death of humanity explores our culture's declining respect for the sanctity of human life, drawing on philosophy and history to reveal the dark road ahead for society if we lose our faith in human life. ...more",bd261725b99f5983,0,https://books.toscrape.com/catalogue/the-death-of-humanity-and-the-case-for-life_932/index.html,16,140,COSTLY,False
the electric pencil: drawings from inside state hospital no. 3,nonfiction,56.06,1,in stock (16 available) in stock in stock in stock in stock in stock in stock,"deeds's subtle, meticulous, and wildly imaginative pencil and crayon drawings portray an unusual cast of characters: nineteenth-century dandies, civil war soldiers, antique cars, fantastic boats and trains, country landscapes dotted with roaming animals, and fanciful architecture. none of these existed in the actual mid-twentieth-century landscape of deeds's own life, but deeds's subtle, meticulous, and wildly imaginative pencil and crayon drawings portray an unusual cast of characters: nineteenth-century dandies, civil war soldiers, antique cars, fantastic boats and trains, country landscapes dotted with roaming animals, and fanciful architecture. none of these existed in the actual mid-twentieth-century landscape of deeds's own life, but rather were representations of his inner world—an artist's poignant tribute to a faded past.deeds lovingly bound his artwork in a cardboard and leather portfolio, a present for his mother. after being accidentally discarded in 1970, the album was rescued from the trash by a young boy and, thirty-six years later, came into the hands of artist and collector harris diamant, who provides the book's foreword. the electric pencil features all 283 of deeds's arresting drawings—now avidly collected—done on ledger sheets from state hospital no. 3 in nevada, missouri, and reproduced in the sequence of the original album. the electric pencil introduces readers to an astonishing record of one man's unwavering artistic vision in the face of the most inhospitable conditions. ...more",a30b270e25489e5c,0,https://books.toscrape.com/catalogue/the-electric-pencil-drawings-from-inside-state-hospital-no-3_933/index.html,16,221,COSTLY,False
the gutsy girl: escapades for your life of epic adventure,nonfiction,37.13,1,in stock (16 available) in stock in stock in stock in stock in stock in stock,"why should girls miss out on the joy of adventure? they can jump off rocks, swing on ropes, and climb trees just as well as boys can. but girls often allow fear to stand in their way.in the gutsy girl, author caroline paul emboldens girls to seek out a life of exhilaration. once a young scaredy-cat herself, caroline decided that fear got in the way of the life she wanted-- why should girls miss out on the joy of adventure? they can jump off rocks, swing on ropes, and climb trees just as well as boys can. but girls often allow fear to stand in their way.in the gutsy girl, author caroline paul emboldens girls to seek out a life of exhilaration. once a young scaredy-cat herself, caroline decided that fear got in the way of the life she wanted--of excitement, confidence, self-reliance, friendship, and fun. she has since flown planes, rafted big rivers, climbed tall mountains, and fought fires as one of the first female firefighters in san francisco. in the gutsy girl, she shares her greatest escapades as well as those of other girls and women from throughout history, and offers engaging activities such as confidence-building stances, creating a compass, positive self-talk, and using crickets to estimate outside temperatures. each section includes a place for girls to “journal” their adventures, thus encouraging a new generation to develop a zest for challenges and a healthy relationship to risk. the gutsy girl is lean in for young girls, a book about the glorious things that happen when you unshackle from fear and open up to exhilaration. fully illustrated and enlivened throughout by bestselling illustrator wendy macnaughton's whimsical pen-and-ink drawings. ...more",acd86a5426e21ca0,0,https://books.toscrape.com/catalogue/the-gutsy-girl-escapades-for-your-life-of-epic-adventure_934/index.html,16,280,COSTLY,False
"the inefficiency assassin: time management tactics for working smarter, not longer",default,20.59,5,in stock (16 available) in stock in stock in stock in stock in stock in stock,"slay procrastination, distraction, and overwhelm!who doesn’t want more time and energy for family, friends, and personal passions? author helene segura coaches real people in the real world to operate more efficiently during the workday, so they can have a life outside it. her engaging time management program caters to diverse learning styles, offering case studies that al slay procrastination, distraction, and overwhelm!who doesn’t want more time and energy for family, friends, and personal passions? author helene segura coaches real people in the real world to operate more efficiently during the workday, so they can have a life outside it. her engaging time management program caters to diverse learning styles, offering case studies that allow readers to self-diagnose and zero in on the strategies most appropriate for them. anyone wanting to streamline workflow and improve productivity can employ her wonderfully doable techniques — for clearing task lists, handling reminder systems, scheduling a variety of priorities, and even managing emails and phone calls. thanks to segura’s astute attention to personality, the inefficiency assassin meets readers where they are struggling and details quick and easy-to-implement strategies to, as segura promises, “kick chaos to the curb.” ...more",8c9e6bf2467d740d,0,https://books.toscrape.com/catalogue/the-inefficiency-assassin-time-management-tactics-for-working-smarter-not-longer_935/index.html,16,193,AFFORDABLE,True
the life-changing magic of tidying up: the japanese art of decluttering and organizing,nonfiction,16.77,3,in stock (16 available) in stock in stock in stock in stock in stock in stock,"despite constant efforts to declutter your home, do papers still accumulate like snowdrifts and clothes pile up like a tangled mess of noodles?japanese cleaning consultant marie kondo takes tidying to a whole new level, promising that if you properly simplify and organize your home once, you'll never have to do it again. most methods advocate a room-by-room or little-by-li despite constant efforts to declutter your home, do papers still accumulate like snowdrifts and clothes pile up like a tangled mess of noodles?japanese cleaning consultant marie kondo takes tidying to a whole new level, promising that if you properly simplify and organize your home once, you'll never have to do it again. most methods advocate a room-by-room or little-by-little approach, which doom you to pick away at your piles of stuff forever. the konmari method, with its revolutionary category-by-category system, leads to lasting results. in fact, none of kondo's clients have lapsed (and she still has a three-month waiting list).with detailed guidance for determining which items in your house ""spark joy"" (and which don't), this international best seller featuring tokyo's newest lifestyle phenomenon will help you clear your clutter and enjoy the unique magic of a tidy home - and the calm, motivated mindset it can inspire. ...more",0da9aa9d24677fc0,0,https://books.toscrape.com/catalogue/the-life-changing-magic-of-tidying-up-the-japanese-art-of-decluttering-and-organizing_936/index.html,16,207,REASONABLE,False
in the country we love: my family divided,nonfiction,22.0,4,in stock (16 available) in stock in stock in stock in stock in stock in stock,"the star of orange is the new black and jane the virgin presents her personal story of the real plight of undocumented immigrants in this countrydiane guerrero, the television actress from the megahit orange is the new black and jane the virgin, was just fourteen years old on the day her parents and brother were arrested and deported while she was at school. born in the u. the star of orange is the new black and jane the virgin presents her personal story of the real plight of undocumented immigrants in this countrydiane guerrero, the television actress from the megahit orange is the new black and jane the virgin, was just fourteen years old on the day her parents and brother were arrested and deported while she was at school. born in the u.s., guerrero was able to remain in the country and continue her education, depending on the kindness of family friends who took her in and helped her build a life and a successful acting career for herself, without the support system of her family.in the country we love is a moving, heartbreaking story of one woman's extraordinary resilience in the face of the nightmarish struggles of undocumented residents in this country. there are over 11 million undocumented immigrants living in the us, many of whom have citizen children, whose lives here are just as precarious, and whose stories haven't been told. written with michelle burford, this memoir is a tale of personal triumph that also casts a much-needed light on the fears that haunt the daily existence of families like the author's and on a system that fails them over and over. ...more",b136b1b180ca753a,0,https://books.toscrape.com/catalogue/in-the-country-we-love-my-family-divided_901/index.html,16,276,AFFORDABLE,True
join,science fiction,35.67,5,in stock (16 available) in stock in stock in stock in stock in stock in stock,"what if you could live multiple lives simultaneously, have constant, perfect companionship, and never die? that’s the promise of join, a revolutionary technology that allows small groups of minds to unite, forming a single consciousness that experiences the world through multiple bodies. but as two best friends, chance and lucky, living in an alternate version of our own n what if you could live multiple lives simultaneously, have constant, perfect companionship, and never die? that’s the promise of join, a revolutionary technology that allows small groups of minds to unite, forming a single consciousness that experiences the world through multiple bodies. but as two best friends, chance and lucky, living in an alternate version of our own near future quickly discover, the light of that miracle may be blinding them to its horrors.jolted out of comfortable, professional routines by a brutal encounter with a terrifying stranger and a malfunction in the join technology, chance and lucky follow a faint trail of clues off the grid in their desperate search for a cure. their journey leads them into the scarred heart of the north american continent. there, within the improvised shelter of the “solos” left behind by the rush of technology, they encounter the architects of a new kind of human consciousness. with the planet descending into environmental ruin, their trust of each other becomes their only guide through the moral hazards of a society in which individual identity has come undone. along the way, they must confront their own long-buried secrets, and learn how their story of injured conscience connects them to the arc of human evolution.a deftly crafted, kaleidoscopic novel with the pulse of a thriller, join explores big ideas in the current zeitgeist on an intimate, human scale. ...more",18ad3ed896c7ce05,0,https://books.toscrape.com/catalogue/join_902/index.html,16,291,COSTLY,False
judo: seven steps to black belt (an introductory guide for beginners),add a comment,53.9,2,in stock (16 available) in stock in stock in stock in stock in stock in stock,"displaying the most impressive throws, compelling armbars, dominant pins, and decisive chokes, judo is a particularly powerful sport and martial art that can bring opponents into submission in highly effective ways. with determination and perseverance, such tremendous power could be yours. designed with safety considerations in mind, judo allows people of all ages to be in displaying the most impressive throws, compelling armbars, dominant pins, and decisive chokes, judo is a particularly powerful sport and martial art that can bring opponents into submission in highly effective ways. with determination and perseverance, such tremendous power could be yours. designed with safety considerations in mind, judo allows people of all ages to be involved in a long-term fitness activity with opportunities for continuous improvement. judo is a way of life that promotes physical and mental harmony, encourages the development of self-confidence and leadership abilities, prepares practitioners to act in self-defense, and instills values such as discipline, respect, and diligence. judo is also an olympic sport that has been gaining increasing worldwide visibility. ...more",228f74b74f3a08ae,0,https://books.toscrape.com/catalogue/judo-seven-steps-to-black-belt-an-introductory-guide-for-beginners_903/index.html,16,171,COSTLY,False
"layered: baking, building, and styling spectacular cakes",food and drink,40.11,1,in stock (16 available) in stock in stock in stock in stock in stock in stock,"it’s time to venture beyond vanilla and chocolate and take your baking skills up a notch. we’re talking layers—two, three, four, or more! create sky-high, bakery-quality treats at home with tessa huff’s 150 innovative recipes, which combine new and exciting flavors of cake, fillings, and frostings—everything from pink peppercorn cherry to bourbon butterscotch, and pumpkin it’s time to venture beyond vanilla and chocolate and take your baking skills up a notch. we’re talking layers—two, three, four, or more! create sky-high, bakery-quality treats at home with tessa huff’s 150 innovative recipes, which combine new and exciting flavors of cake, fillings, and frostings—everything from pink peppercorn cherry to bourbon butterscotch, and pumpkin vanilla chai to riesling rhubarb and raspberry chocolate stout. including contemporary baking methods and industry tips and tricks, layered covers every decorating technique you’ll ever need with simple instructions and gorgeous step-by-step photos that speak to bakers of every skill level—and to anyone who wants to transform dessert into layer upon layer of edible art. ...more",7b75cc7f223791f4,0,https://books.toscrape.com/catalogue/layered-baking-building-and-styling-spectacular-cakes_904/index.html,16,166,COSTLY,False
lumberjanes vol. 3: a terrible plan (lumberjanes #9-12),sequential art,19.92,2,in stock (16 available) in stock in stock in stock in stock in stock in stock,"this new york times bestselling series continues with jo, april, mal, molly, and ripley as they take on everything that goes bump in the night. from scary stories to magical portals that lead to a land untouched by time, it's definitely not your average summer. (lumberjanes #9-12)",57e5a4d515c8ce44,0,https://books.toscrape.com/catalogue/lumberjanes-vol-3-a-terrible-plan-lumberjanes-9-12_905/index.html,16,47,REASONABLE,False
"lumberjanes, vol. 1: beware the kitten holy (lumberjanes #1-4)",sequential art,45.61,3,in stock (16 available) in stock in stock in stock in stock in stock in stock,"friendship to the max!at miss qiunzilla thiskwin penniquiqul thistle crumpet's camp for hard-core lady-types, things are not what they seem. three-eyed foxes. secret caves. anagrams. luckily, jo, april, mal, molly, and ripley are five rad, butt-kicking best pals determined to have an awesome summer together... and they're not gonna let a magical quest or an array of supern friendship to the max!at miss qiunzilla thiskwin penniquiqul thistle crumpet's camp for hard-core lady-types, things are not what they seem. three-eyed foxes. secret caves. anagrams. luckily, jo, april, mal, molly, and ripley are five rad, butt-kicking best pals determined to have an awesome summer together... and they're not gonna let a magical quest or an array of supernatural critters get in their way! the mystery keeps getting bigger, and it all begins here. collects lumberjanes no. 1-4. ...more",b6ee99bcf06fc91f,0,https://books.toscrape.com/catalogue/lumberjanes-vol-1-beware-the-kitten-holy-lumberjanes-1-4_906/index.html,16,136,COSTLY,False
"lumberjanes, vol. 2: friendship to the max (lumberjanes #5-8)",sequential art,46.91,2,in stock (16 available) in stock in stock in stock in stock in stock in stock,"what a mystery!jo, april, mal, molly, and ripley are not your average campers and miss qiunzella thiskwin penniquiqul thistle crumpet's camp for hardcore lady-types is not your average summer camp. between the river monsters, magic, and the art of friendship bracelets, this summer is only just beginning. join the lumberjanes as they take on raptors and a sibling rivalry th what a mystery!jo, april, mal, molly, and ripley are not your average campers and miss qiunzella thiskwin penniquiqul thistle crumpet's camp for hardcore lady-types is not your average summer camp. between the river monsters, magic, and the art of friendship bracelets, this summer is only just beginning. join the lumberjanes as they take on raptors and a sibling rivalry that only myths are made of.this new york times bestseller and eisner award-nominated series is written by awesome all-star noelle stevenson and brilliant newcomer grace ellis, and illustrated by the tremendously talented brooke allen.lumberjanes, vol. 2: friendship to the max includes issues 5-8 and the first fourteen pages of giant days, vol. 1 by john allison. ...more",460089f796fb3f82,0,https://books.toscrape.com/catalogue/lumberjanes-vol-2-friendship-to-the-max-lumberjanes-5-8_907/index.html,16,176,COSTLY,False
"mama tried: traditional italian cooking for the screwed, crude, vegan, and tattooed",food and drink,14.02,4,in stock (16 available) in stock in stock in stock in stock in stock in stock,"cecilia granata grew up cooking with her family in italy. as a vegan, she learned to adapt her favorite recipes from around the country to be animal free while retaining the flavor and feeling of true italian home cooking. she shares her commitment to ethical and artful eating in this alphabetically-arranged volume with over 100 recipes, ranging from traditional favorites cecilia granata grew up cooking with her family in italy. as a vegan, she learned to adapt her favorite recipes from around the country to be animal free while retaining the flavor and feeling of true italian home cooking. she shares her commitment to ethical and artful eating in this alphabetically-arranged volume with over 100 recipes, ranging from traditional favorites to homemade liqueurs to aphrodisiacs—all ""senza sofferenza,"" without suffering. the recipes are lushly illustrated with granata's food-inspired tattoo art. ...more",72f9d5be3472d34e,0,https://books.toscrape.com/catalogue/mama-tried-traditional-italian-cooking-for-the-screwed-crude-vegan-and-tattooed_908/index.html,16,140,REASONABLE,True
masks and shadows,fantasy,56.4,2,in stock (16 available) in stock in stock in stock in stock in stock in stock,"the year is 1779, and carlo morelli, the most renowned castrato singer in europe, has been invited as an honored guest to eszterháza palace. with carlo in prince nikolaus esterházy's carriage, ride a prussian spy and one of the most notorious alchemists in the habsburg empire. already at eszterháza is charlotte von steinbeck, the very proper sister of prince nikolaus's mis the year is 1779, and carlo morelli, the most renowned castrato singer in europe, has been invited as an honored guest to eszterháza palace. with carlo in prince nikolaus esterházy's carriage, ride a prussian spy and one of the most notorious alchemists in the habsburg empire. already at eszterháza is charlotte von steinbeck, the very proper sister of prince nikolaus's mistress. charlotte has retreated to the countryside to mourn her husband's death. now, she must overcome the ingrained rules of her society in order to uncover the dangerous secrets lurking within the palace's golden walls. music, magic, and blackmail mingle in a plot to assassinate the habsburg emperor and empress--a plot that can only be stopped if carlo and charlotte can see through the masks worn by everyone they meet. ...more",fa9610a50a1bf149,0,https://books.toscrape.com/catalogue/masks-and-shadows_909/index.html,16,192,COSTLY,False
my paris kitchen: recipes and stories,food and drink,33.37,2,in stock (16 available) in stock in stock in stock in stock in stock in stock,"a collection of stories and 100 sweet and savory french-inspired recipes from popular food blogger david lebovitz, reflecting the way parisians eat today and featuring lush photography taken around paris and in david's parisian kitchen.it’s been ten years since david lebovitz packed up his most treasured cookbooks, a well-worn cast-iron skillet, and his laptop and moved to a collection of stories and 100 sweet and savory french-inspired recipes from popular food blogger david lebovitz, reflecting the way parisians eat today and featuring lush photography taken around paris and in david's parisian kitchen.it’s been ten years since david lebovitz packed up his most treasured cookbooks, a well-worn cast-iron skillet, and his laptop and moved to paris. in that time, the culinary culture of france has shifted as a new generation of chefs and home cooks—most notably in paris—incorporates ingredients and techniques from around the world into traditional french dishes. in my paris kitchen, david remasters the classics, introduces lesser-known fare, and presents 100 sweet and savory recipes that reflect the way modern parisians eat today. you’ll find soupe à l’oignon, cassoulet, coq au vin, and croque-monsieur, as well as smoky barbecue-style pork, lamb shank tagine, dukkah-roasted cauliflower, salt cod fritters with tartar sauce, and wheat berry salad with radicchio, root vegetables, and pomegranate. and of course, there’s dessert: warm chocolate cake with salted butter caramel sauce, duck fat cookies, bay leaf poundcake with orange glaze, french cheesecake...and the list goes on. david also shares stories told with his trademark wit and humor, and lush photography taken on location around paris and in david’s kitchen reveals the quirks, trials, beauty, and joys of life in the culinary capital of the world. ...more",784bc2279baa878d,0,https://books.toscrape.com/catalogue/my-paris-kitchen-recipes-and-stories_910/index.html,16,280,COSTLY,False
obsidian (lux #1),young adult,14.86,2,in stock (16 available) in stock in stock in stock in stock in stock in stock,"starting over sucks.when we moved to west virginia right before my senior year, i’d pretty much resigned myself to thick accents, dodgy internet access, and a whole lot of boring… until i spotted my hot neighbor, with his looming height and eerie green eyes. things were looking up.and then he opened his mouth.daemon is infuriating. arrogant. stab-worthy. we do not get alon starting over sucks.when we moved to west virginia right before my senior year, i’d pretty much resigned myself to thick accents, dodgy internet access, and a whole lot of boring… until i spotted my hot neighbor, with his looming height and eerie green eyes. things were looking up.and then he opened his mouth.daemon is infuriating. arrogant. stab-worthy. we do not get along. at all. but when a stranger attacks me and daemon literally freezes time with a wave of his hand, well, something… unexpected happens. the hot alien living next door marks me.you heard me. alien. turns out daemon and his sister have a galaxy of enemies wanting to steal their abilities, and daemon’s touch has me lit up like the vegas strip. the only way i’m getting out of this alive is by sticking close to daemon until my alien mojo fades. if i don’t kill him first, that is. ...more",3c346ab1e76ae1f6,0,https://books.toscrape.com/catalogue/obsidian-lux-1_911/index.html,16,214,REASONABLE,False
on a midnight clear,add a comment,14.07,3,in stock (16 available) in stock in stock in stock in stock in stock in stock,"it's christmas eve and private investigator adam fraley has lost his way while traveling a remote rural road in the foothills of the colorado rockies during a heavy snowstorm. at a loss as to where to turn next, he happens upon an isolated cabin in the woods where he stops to seek directions. there to greet him is the dwelling's lone inhabitant, an enchanting young girl wh it's christmas eve and private investigator adam fraley has lost his way while traveling a remote rural road in the foothills of the colorado rockies during a heavy snowstorm. at a loss as to where to turn next, he happens upon an isolated cabin in the woods where he stops to seek directions. there to greet him is the dwelling's lone inhabitant, an enchanting young girl who invites him out of the storm. puzzled by the circumstances of a child left home along under such conditions, fraley soon discovers the horrific reason why, a revelation that launches him into an intensive search for both a killer and a trove of buried gold. ...more",b757c0c361e689ce,0,https://books.toscrape.com/catalogue/on-a-midnight-clear_912/index.html,16,180,REASONABLE,False
online marketing for busy authors: a step-by-step guide,self help,46.35,1,in stock (16 available) in stock in stock in stock in stock in stock in stock,"if you want people to read your book, writing it is only the beginning there has truly never been a better time to be an author. for the first time, authors have direct access to the public via the internet and can create a community eagerly awaiting their book. but where do new authors start? how do they sort through the dizzying range of online options? where should they if you want people to read your book, writing it is only the beginning there has truly never been a better time to be an author. for the first time, authors have direct access to the public via the internet and can create a community eagerly awaiting their book. but where do new authors start? how do they sort through the dizzying range of online options? where should they spend their time online and what should they be doing? enter fauzia burke, a digital book marketing pioneer and friend of overwhelmed writers everywhere. she takes authors step-by-step through the process of identifying their unique personal brand, defining their audience, clarifying their aspirations and goals, and setting priorities. she offers advice on designing a successful website, building a mailing list of superfans, blogging, creating an engagement strategy for social media, and more. by following burke's expert advice, authors can conquer the internet and still get their next manuscript in on time. "" ...more",9ffa38d3b832433a,0,https://books.toscrape.com/catalogue/online-marketing-for-busy-authors-a-step-by-step-guide_913/index.html,16,231,COSTLY,False
orange: the complete collection 1 (orange: the complete collection #1),sequential art,48.41,1,in stock (16 available) in stock in stock in stock in stock in stock in stock,"a plea from the futureon the day that naho begins 11th grade, she recieves a letter from herself ten years in the future. at first, she writes it off as a prank, but as the letter’s predictions come true one by one naho realizes that the letter might be the real deal. her future self tells naho that a new transfer student, a boy named kakeru, will soon join her class. the a plea from the futureon the day that naho begins 11th grade, she recieves a letter from herself ten years in the future. at first, she writes it off as a prank, but as the letter’s predictions come true one by one naho realizes that the letter might be the real deal. her future self tells naho that a new transfer student, a boy named kakeru, will soon join her class. the letter begs naho to watch over him, saying that only naho can save kakeru from a terrible future. who is this mystery boy, and can naho save him from his destiny? the heart-wrenching sci-fi romance that has over million copies in print in japan! ...more",11809b1d323b3057,0,https://books.toscrape.com/catalogue/orange-the-complete-collection-1-orange-the-complete-collection-1_914/index.html,16,189,COSTLY,False
"outcast, vol. 1: a darkness surrounds him (outcast #1)",sequential art,15.44,4,in stock (16 available) in stock in stock in stock in stock in stock in stock,"new horror series from the walking dead creator robert kirkman! kyle barnes has been plagued by demonic possession all his life and now he needs answers. unfortunately, what he uncovers along the way could bring about the end of life on earth as we know it. collects outcast by kirkman & azaceta #1-6.",889139b8e9c4cb36,0,https://books.toscrape.com/catalogue/outcast-vol-1-a-darkness-surrounds-him-outcast-1_915/index.html,16,53,REASONABLE,True
patience,sequential art,10.16,3,in stock (16 available) in stock in stock in stock in stock in stock in stock,"patience is a psychedelic science-fiction love story, veering with uncanny precision from violent destruction to deeply personal tenderness in a way that is both quintessentially “clowesian” and utterly unique in the author’s body of work. this 180-page, full-color original graphic novel affords clowes the opportunity to draw some of the most exuberant and breathtaking pag patience is a psychedelic science-fiction love story, veering with uncanny precision from violent destruction to deeply personal tenderness in a way that is both quintessentially “clowesian” and utterly unique in the author’s body of work. this 180-page, full-color original graphic novel affords clowes the opportunity to draw some of the most exuberant and breathtaking pages of his life, and to tell his most suspenseful, surprising and affecting story yet. ...more",9429b4d59c537af5,0,https://books.toscrape.com/catalogue/patience_916/index.html,16,125,REASONABLE,False
"political suicide: missteps, peccadilloes, bad calls, backroom hijinx, sordid pasts, rotten breaks, and just plain dumb mistakes in the annals of american politics",history,36.28,2,in stock (16 available) in stock in stock in stock in stock in stock in stock,"just in time for the presidential election of 2016 comes political suicide, a history of the best and most interesting missteps, peccadilloes, bad calls, back room hijinks, sordid pasts, rotten breaks, and just plain dumb mistakes in the annals of american politics.they have tweeted their private parts to women they're trying to impress. they have gotten caught on tape doi just in time for the presidential election of 2016 comes political suicide, a history of the best and most interesting missteps, peccadilloes, bad calls, back room hijinks, sordid pasts, rotten breaks, and just plain dumb mistakes in the annals of american politics. they have tweeted their private parts to women they're trying to impress. they have gotten caught on tape doing and saying things they really shouldn't have. they have denied knowing about the underhanded doings of underlings — only to have a paper trail lead straight back to them. nowadays, it seems like half of what we hear about politicians isn't about laws or governing, but is instead coverage focused on shenanigans, questionable morals, and scandals too numerous to count. and while we shake our heads in disbelief, we still can't resist poring over the details of these notorious incidents.in political suicide, the foibles of our politicians are brought from the tabloid pages to this entertaining — and cautionary — tale of american history. ...more",7392c0032f92d816,0,https://books.toscrape.com/catalogue/political-suicide-missteps-peccadilloes-bad-calls-backroom-hijinx-sordid-pasts-rotten-breaks-and-just-plain-dumb-mistakes-in-the-annals-of-american-politics_917/index.html,16,226,COSTLY,False
"pop gun war, volume 1: gift",sequential art,18.97,1,in stock (16 available) in stock in stock in stock in stock in stock in stock,"""pop gun war is about childhood, self-discovery, oppression, guilt, dreams, loneliness, whatever. it is more about a feeling you, the reader, get from the story rather than a typical narrative. if you wanted to get literal, it is about an inner city boy, sinclair, who discovers a pair of discarded angel wings. with these wings, sinclair flies around the city and gets into ""pop gun war is about childhood, self-discovery, oppression, guilt, dreams, loneliness, whatever. it is more about a feeling you, the reader, get from the story rather than a typical narrative. if you wanted to get literal, it is about an inner city boy, sinclair, who discovers a pair of discarded angel wings. with these wings, sinclair flies around the city and gets into adventures."" - farel dalrymple, series creator from publishers weekly: collecting the first five issues of dalrymple's acclaimed comic book series pop gun war, this book provides a capsule look at dalrymple's vision of urban fantasy. set in new york, his stories follow characters with wings, talking fish, giants, dwarves and other fantastical acquaintances and ideas. at the center of it all is a boy named sinclair, who acquires a set of wings when a tattooed, disgruntled angel pays to have them cut off. sinclair, a lonely kid prone to bowties and being teased, sets off on a series of encounters across the city. his older sister, a singer in a rock band, is an inspiration and worry; a homeless man of unknown powers and origins joins him; and a band of youths pursue him. dalrymple renders this gang of eccentrics and mystics in a loose but realistic pen and ink style highly dynamic and tailor-made for depicting new york's teeming city streets. he has a flair for the dramatic as well scenes of sinclair flying, or of a giant walking the streets, are genuinely affecting, while seeming completely natural and brings to life a subtle kind of cartoon surrealism. the story meanders a bit, and it's not always clear where it's headed, but the fun of pop gun war is in its vivid characters and details. it is a fine debut, reminiscent of dc comics's vertigo line, with which it should sit comfortably on bookstores' and adventurous readers' shelves. ...more",e80f8e518b300dfe,0,https://books.toscrape.com/catalogue/pop-gun-war-volume-1-gift_918/index.html,16,376,REASONABLE,False
princess between worlds (wide-awake princess #5),fantasy,13.34,5,in stock (16 available) in stock in stock in stock in stock in stock in stock,"just as annie and liam are busy making plans to travel the world, a witch shows up and gives them a collection of postcards from the magic marketplace. each postcard gives annie and liam the opportunity to travel to exotic lands and far-flung kingdoms. what the witch doesn't give them are directions on how to safely return.",0e691eda369f4e09,0,https://books.toscrape.com/catalogue/princess-between-worlds-wide-awake-princess-5_919/index.html,16,57,REASONABLE,True
"princess jellyfish 2-in-1 omnibus, vol. 01 (princess jellyfish 2-in-1 omnibus #1)",sequential art,13.61,5,in stock (16 available) in stock in stock in stock in stock in stock in stock,"the long-awaited story of fangirls taking on tokyo!special large-size 2-in-1 edition of over 400 pages!""one of the best anime and manga for beginners. enthusiasm - geeky and otherwise - is power in princess jellyfish. enthusiasm saves the day and paves the road to the future."" - kotaku""princess jellyfish's ambition is simple: to tell a delightful story in a delightful way. the long-awaited story of fangirls taking on tokyo!special large-size 2-in-1 edition of over 400 pages!""one of the best anime and manga for beginners. enthusiasm - geeky and otherwise - is power in princess jellyfish. enthusiasm saves the day and paves the road to the future."" - kotaku""princess jellyfish's ambition is simple: to tell a delightful story in a delightful way... it's a pretty deadly one-two punch."" - anime news network""loaded with heart, soul, humor and insight."" - about.comstinging beauty tsukimi kurashita has a strange fascination with jellyfish. she’s loved them from a young age and has carried that love with her to her new life in the big city of tokyo. there, she resides in amamizukan, a safe-haven for girl geeks who regularly gush over a range of things from trains to japanese dolls. however, a chance meeting at a pet shop has tsukimi crossing paths with one of the things that the residents of amamizukan have been desperately trying to avoid—a beautiful and fashionable woman! but there’s much more to this woman than her trendy clothes! this odd encounter is only the beginning of a new and unexpected path for tsukimi and her friends. ...more",0fa6dceead7ce47a,0,https://books.toscrape.com/catalogue/princess-jellyfish-2-in-1-omnibus-vol-01-princess-jellyfish-2-in-1-omnibus-1_920/index.html,16,256,REASONABLE,True
"the mindfulness and acceptance workbook for anxiety: a guide to breaking free from anxiety, phobias, and worry using acceptance and commitment therapy",add a comment,23.89,4,in stock (16 available) in stock in stock in stock in stock in stock in stock,"is anxiety and fear a problem for you? have you tried to win the war with your anxious mind and body, only to end up feeling frustrated, powerless, and stuck? if so, you’re not alone. but there is a way forward, a path into genuine happiness, and a way back into living the kind of life you so desperately want. this workbook will help you get started on this new journey tod is anxiety and fear a problem for you? have you tried to win the war with your anxious mind and body, only to end up feeling frustrated, powerless, and stuck? if so, you’re not alone. but there is a way forward, a path into genuine happiness, and a way back into living the kind of life you so desperately want. this workbook will help you get started on this new journey today!now in its second edition, the mindfulness and acceptance workbook for anxiety offers a new approach to your anxiety, fears, and your life. within its pages, you’ll find a powerful and tested set of tools and strategies to help you gain freedom from fear, trauma, worry, and all the many manifestations of anxiety and fear. the book offers an empowering approach to help you create the kind of life you so desperately want to live.based on a revolutionary approach to psychological health and wellness called acceptance and commitment therapy (act), this fully revised and updated second edition offers compelling new exercises to help you create the conditions for your own genuine happiness and peace of mind. you’ll learn how your mind can trap you, keeping you stuck and struggling in anxiety and fear. you’ll also discover ways to nurture your capacity for acceptance, mindfulness, kindness, and compassion, and use these qualities to weaken the power of anxiety and fear so that you can gain the space do what truly matters to you. now is the time.nobody chooses anxiety. and there is no healthy way to “turn off” anxious thoughts and feelings like a light switch. but you can learn to break free from the shackles of anxiety and fear and take back your life. the purpose of this workbook is to help you do just that. your life is calling on you to make that choice, and the skills in this workbook can help you make it happen. you can live better, more fully, and more richly with or without anxiety and fear. this book will show you the way.this book has been awarded the association for behavioral and cognitive therapies self-help seal of merit — an award bestowed on outstanding self-help books that are consistent with cognitive behavioral therapy (cbt) principles and that incorporate scientifically tested strategies for overcoming mental health difficulties. used alone or in conjunction with therapy, our books offer powerful tools readers can use to jump-start changes in their lives. ...more",31075275518532d7,0,https://books.toscrape.com/catalogue/the-mindfulness-and-acceptance-workbook-for-anxiety-a-guide-to-breaking-free-from-anxiety-phobias-and-worry-using-acceptance-and-commitment-therapy_937/index.html,16,478,AFFORDABLE,True
the most perfect thing: inside (and outside) a bird's egg,science,42.96,4,in stock (16 available) in stock in stock in stock in stock in stock in stock,"renowned ornithologist tim birkhead opens this gripping story as a female guillemot chick hatches, already carrying her full quota of tiny eggs within her undeveloped ovary. as she grows into adulthood, only a few of her eggs mature, are released into the oviduct, and are fertilized by sperm stored from copulation that took place days or weeks earlier. within a matter of h renowned ornithologist tim birkhead opens this gripping story as a female guillemot chick hatches, already carrying her full quota of tiny eggs within her undeveloped ovary. as she grows into adulthood, only a few of her eggs mature, are released into the oviduct, and are fertilized by sperm stored from copulation that took place days or weeks earlier. within a matter of hours, the fragile yolk is surrounded by albumen and the whole is gradually encased within a turquoise jewel of a shell. soon afterward the fully formed egg is expelled onto a bare rocky ledge, where it will be incubated for four weeks before another chick emerges and the life cycle begins again. a bird's egg is about how eggs in general are made, fertilized, developed, and hatched. the eggs of most birds spend just 24 hours in the oviduct; however, that journey takes 48 hours in cuckoos, which surreptitiously lay their eggs in the nests of other birds. from the earliest times, the study of birds' ovaries and ova (eggs) played a vital role in the quest to unravel the mysteries of fertilization and embryo development in humans. birkhead uses birds' eggs as wondrous portals into natural history, enlivened by the stories of naturalists and scientists, including birkhead and his students, whose discoveries have advanced current scientific knowledge of reproduction. ...more",aadee1c326d286e3,0,https://books.toscrape.com/catalogue/the-most-perfect-thing-inside-and-outside-a-birds-egg_938/index.html,16,286,COSTLY,False
the murder that never was (forensic instincts #5),fiction,54.11,3,in stock (16 available) in stock in stock in stock in stock in stock in stock,"given the opportunity, would you assume someone else's identity and leave your old life behind? a serendipitous crossing of paths between lisa barnes, a down-on-her-luck job seeker, and julie forman, a personal trainer to an olympic hopeful, forever changes the course of both women's lives. one winds up dead and the other finds herself a fugitive, hiding behind one lie aft given the opportunity, would you assume someone else's identity and leave your old life behind? a serendipitous crossing of paths between lisa barnes, a down-on-her-luck job seeker, and julie forman, a personal trainer to an olympic hopeful, forever changes the course of both women's lives. one winds up dead and the other finds herself a fugitive, hiding behind one lie after another as a cold-blooded killer methodically hunts her. desperately trying to stay alive, the terrified woman enlists the help of forensic instincts, a rogue investigative team that clandestinely operates in the gray area between legal and illegal. safeguarding their client's deception, forensic instincts digs into dangerous territory as they try to find out who's after their client and why. meanwhile, bodies are piling up in chicago, new jersey, and vermont as a megalomaniacal genius will stop at nothing to eradicate anyone who threatens the success of his medical breakthrough. with an unhinged client and a monstrous criminal enterprise as its adversary, forensic instincts is forced into uncharted territory to protect their client and save one of their own from becoming the next corpse. forensic instincts is an unorthodox, criminal investigative team that carefully navigates the fine line between legal and illegal. the team consists of a behaviorist, a former navy seal, a techo-wiz, an intuitive, a pickpocket, a retired fbi agent, and a human scent evidence dog."" ...more",d01ac97e2b8947c2,0,https://books.toscrape.com/catalogue/the-murder-that-never-was-forensic-instincts-5_939/index.html,16,290,COSTLY,False
the nameless city (the nameless city #1),sequential art,38.16,4,in stock (16 available) in stock in stock in stock in stock in stock in stock,"every nation that invades the city gives it a new name. but before long, new invaders arrive and the city changes hands once again. the natives don't let themselves get caught up in the unending wars. to them, their home is the nameless city, and those who try to name it are forever outsiders.kaidu is one such outsider. he's a dao born and bred--a member of the latest occu every nation that invades the city gives it a new name. but before long, new invaders arrive and the city changes hands once again. the natives don't let themselves get caught up in the unending wars. to them, their home is the nameless city, and those who try to name it are forever outsiders.kaidu is one such outsider. he's a dao born and bred--a member of the latest occupying nation. rat is a native of the nameless city. at first, she hates kai for everything he stands for, but his love of his new home may be the one thing that can bring these two unlikely friends together. let's hope so, because the fate of the nameless city rests in their hands. ...more",7d385d34d12e60ff,0,https://books.toscrape.com/catalogue/the-nameless-city-the-nameless-city-1_940/index.html,16,192,COSTLY,False
#higherselfie: wake up your life. free your soul. find your tribe.,nonfiction,23.11,5,in stock (17 available) in stock in stock in stock in stock in stock in stock,"there is a cosmic alarm clock going off around the world! #higherselfie's aim is to unite all those waking up spiritually in this digital age. this book is a guide to love, connection, and kickass surrendered action for young people who have at least a toe in the door of spirituality. with a no-nonsense approach and full of wit and humor, this book shares age-old concepts there is a cosmic alarm clock going off around the world! #higherselfie's aim is to unite all those waking up spiritually in this digital age. this book is a guide to love, connection, and kickass surrendered action for young people who have at least a toe in the door of spirituality. with a no-nonsense approach and full of wit and humor, this book shares age-old concepts in a language that is accessible to the modern spiritual audience. whether you have just bought a yoga mat or have been meditating for years, this book will offer you guidance and support, whatever stage of the journey you're at. life coaches jo westwood and lucy sheridan touch upon timeless topics such as forgiveness, surrender and the ego, as well as subjects specific to the current age, such as using social media in a healthy way, finding a like-minded tribe, and following your own spiritual and life paths without comparing yourself to others. whether you're a reiki master, climbing the corporate ladder or working in a suburban garden center #higherselfie will be the perfect ‘gateway drug’ for those looking for something deeper and more meaningful. ...more",c27f6e1f185b0383,0,https://books.toscrape.com/catalogue/higherselfie-wake-up-your-life-free-your-soul-find-your-tribe_957/index.html,17,258,AFFORDABLE,True
private paris (private #10),fiction,47.61,5,in stock (17 available) in stock in stock in stock in stock in stock in stock,"paris is burning--and only private's jack morgan can put out the fire.when jack morgan stops by private's paris office, he envisions a quick hello during an otherwise relaxing trip filled with fine food and sightseeing. but jack is quickly pressed into duty after a call from his client sherman wilkerson, asking jack to track down his young granddaughter who is on the run f paris is burning--and only private's jack morgan can put out the fire.when jack morgan stops by private's paris office, he envisions a quick hello during an otherwise relaxing trip filled with fine food and sightseeing. but jack is quickly pressed into duty after a call from his client sherman wilkerson, asking jack to track down his young granddaughter who is on the run from a brutal drug dealer.before jack can locate her, several members of france's cultural elite are found dead--murdered in stunning, symbolic fashion. the only link between the crimes is a mysterious graffiti tag. as religious and ethnic tensions simmer in the city of lights, only jack and his private team can connect the dots before the smoldering powder keg explodes. ...more",b12b89017878a60d,0,https://books.toscrape.com/catalogue/private-paris-private-10_958/index.html,17,188,COSTLY,False
reasons to stay alive,nonfiction,26.41,2,in stock (17 available) in stock in stock in stock in stock in stock in stock,"i want life. i want to read it and write it and feel it and live it. i want, for as much of the time as possible in this blink-of-an-eye existence we have, to feel all that can be felt. i hate depression. i am scared of it. terrified, in fact. but at the same time, it has made me who i am. and if - for me - it is the price of feeling life, it's a price always worth paying. i want life. i want to read it and write it and feel it and live it. i want, for as much of the time as possible in this blink-of-an-eye existence we have, to feel all that can be felt. i hate depression. i am scared of it. terrified, in fact. but at the same time, it has made me who i am. and if - for me - it is the price of feeling life, it's a price always worth paying.reasons to stay alive is about making the most of your time on earth. in the western world the suicide rate is highest amongst men under the age of 35. matt haig could have added to that statistic when, aged 24, he found himself staring at a cliff-edge about to jump off. this is the story of why he didn't, how he recovered and learned to live with anxiety and depression. it's also an upbeat, joyous and very funny exploration of how live better, love better, read better and feel more. ...more",c8f7f0cb1abb9cac,0,https://books.toscrape.com/catalogue/reasons-to-stay-alive_959/index.html,17,255,AFFORDABLE,False
slow states of collapse: poems,poetry,57.31,3,in stock (17 available) in stock in stock in stock in stock in stock in stock,"the eagerly anticipated debut from one of canada’s most exciting new poets in her debut collection, ashley-elizabeth best explores the cultivation of resilience during uncertain and often trying times. it’s a book built around day-to-day conflicts — poems about love, family, grief, power, and longing. navigating the fault lines of popular culture and traditional poetry to the eagerly anticipated debut from one of canada’s most exciting new poets in her debut collection, ashley-elizabeth best explores the cultivation of resilience during uncertain and often trying times. it’s a book built around day-to-day conflicts — poems about love, family, grief, power, and longing. navigating the fault lines of popular culture and traditional poetry to assert that we are all history makers, slow states of collapse enters the landscape of personal narrative in an attempt to reconcile life’s little universal griefs.slow states of collapse presents a world that is at once menacing and full of wonder and grace. it’s a poetry of “casual cruelty” and “kisses like / puncture wounds,” of “something too tender to touch” and “the threat of an intense beauty.” in this collection, illness confronts bedside manners while a migrant restlessness also paints remarkable portraits of shifting self-image, and in the process the nature of personal and political power is reimagined. ...more",b4fd5943413e089a,0,https://books.toscrape.com/catalogue/slow-states-of-collapse-poems_960/index.html,17,212,COSTLY,False
chase me (paris nights #2),romance,25.27,5,in stock (19 available) in stock in stock in stock in stock in stock in stock,"a michelin two-star chef at twenty-eight, violette lenoir could handle anything, including a cocky burglar who broke into her restaurant in the middle of the night.or so she thought.elite counterterrorist operative chase “smith” had been through things that made hell week look easy. but nothing had prepared him for a leather-clad blonde who held him at bay at knifepoint an a michelin two-star chef at twenty-eight, violette lenoir could handle anything, including a cocky burglar who broke into her restaurant in the middle of the night.or so she thought.elite counterterrorist operative chase “smith” had been through things that made hell week look easy. but nothing had prepared him for a leather-clad blonde who held him at bay at knifepoint and dared him to take her on.now if only saving the world didn’t require he ruin her life.two people who thought they could handle anything now have to take on each other. it's a battle neither one expected. but with their futures on the line, they have nothing to lose...but their hearts.warning: this book contains one arrogant navy seal, nights of paris passion, and a woman who wants to have it all. ...more",c2e46a2ee3b4a322,0,https://books.toscrape.com/catalogue/chase-me-paris-nights-2_977/index.html,19,192,AFFORDABLE,True
"foolproof preserving: a guide to small batch jams, jellies, pickles, condiments, and more: a foolproof guide to making small batch jams, jellies, pickles, condiments, and more",food and drink,30.52,3,in stock (19 available) in stock in stock in stock in stock in stock in stock,"canning perfected the america’s test kitchen way. the art of preserving produce by canning and preserving has come full circle from grandmother's kitchen to a whole new generation now eager to learn it. this detailed guide to home preserving is perfect for novice canners and experts alike and offers more than 100 foolproof recipes across a wide range of categories, from sw canning perfected the america’s test kitchen way. the art of preserving produce by canning and preserving has come full circle from grandmother's kitchen to a whole new generation now eager to learn it. this detailed guide to home preserving is perfect for novice canners and experts alike and offers more than 100 foolproof recipes across a wide range of categories, from sweet jams and jellies to savory jams, vegetables, condiments, pickles, whole fruits, and more. let the experts at america's test kitchen show you how to do it right with detailed tutorials, troubleshooting tips, equipment information, and insight into the science behind canning. ...more",5674a18a29a43ced,0,https://books.toscrape.com/catalogue/foolproof-preserving-a-guide-to-small-batch-jams-jellies-pickles-condiments-and-more-a-foolproof-guide-to-making-small-batch-jams-jellies-pickles-condiments-and-more_978/index.html,19,166,COSTLY,False
how music works,music,37.32,2,in stock (19 available) in stock in stock in stock in stock in stock in stock,"how music works is david byrne’s remarkable and buoyant celebration of a subject he has spent a lifetime thinking about. in it he explores how profoundly music is shaped by its time and place, and he explains how the advent of recording technology in the twentieth century forever changed our relationship to playing, performing, and listening to music.acting as historian an how music works is david byrne’s remarkable and buoyant celebration of a subject he has spent a lifetime thinking about. in it he explores how profoundly music is shaped by its time and place, and he explains how the advent of recording technology in the twentieth century forever changed our relationship to playing, performing, and listening to music.acting as historian and anthropologist, raconteur and social scientist, he searches for patterns—and shows how those patterns have affected his own work over the years with talking heads and his many collaborators, from brian eno to caetano veloso. byrne sees music as part of a larger, almost darwinian pattern of adaptations and responses to its cultural and physical context. his range is panoptic, taking us from wagnerian opera houses to african villages, from his earliest high school reel-to-reel recordings to his latest work in a home music studio (and all the big studios in between).touching on the joy, the physics, and even the business of making music, how music works is a brainy, irresistible adventure and an impassioned argument about music’s liberating, life-affirming power. ...more",327f68a59745c102,0,https://books.toscrape.com/catalogue/how-music-works_979/index.html,19,243,COSTLY,False
in her wake,thriller,12.84,1,in stock (19 available) in stock in stock in stock in stock in stock in stock,"a perfect life … until she discovered it wasn’t her own.a tragic family event reveals devastating news that rips apart bella’s comfortable existence. embarking on a personal journey to uncover the truth, she faces a series of traumatic discoveries that take her to the ruggedly beautiful cornish coast, where hidden truths, past betrayals and a 25-year-old mystery threaten n a perfect life … until she discovered it wasn’t her own.a tragic family event reveals devastating news that rips apart bella’s comfortable existence. embarking on a personal journey to uncover the truth, she faces a series of traumatic discoveries that take her to the ruggedly beautiful cornish coast, where hidden truths, past betrayals and a 25-year-old mystery threaten not just her identity, but also her life.chilling, complex and profoundly moving, in her wake is a gripping psychological thriller that questions the nature of family – and reminds us that sometimes the most shocking crimes are committed closest to home. ...more",23356462d1320d61,0,https://books.toscrape.com/catalogue/in-her-wake_980/index.html,19,159,REASONABLE,False
sharp objects,mystery,47.82,4,in stock (20 available) in stock in stock in stock,"wicked above her hipbone, girl across her heart words are like a road map to reporter camille preaker’s troubled past. fresh from a brief stay at a psych hospital, camille’s first assignment from the second-rate daily paper where she works brings her reluctantly back to her hometown to cover the murders of two preteen girls. nasty on her kneecap, babydoll on her leg since wicked above her hipbone, girl across her heart words are like a road map to reporter camille preaker’s troubled past. fresh from a brief stay at a psych hospital, camille’s first assignment from the second-rate daily paper where she works brings her reluctantly back to her hometown to cover the murders of two preteen girls. nasty on her kneecap, babydoll on her leg since she left town eight years ago, camille has hardly spoken to her neurotic, hypochondriac mother or to the half-sister she barely knows: a beautiful thirteen-year-old with an eerie grip on the town. now, installed again in her family’s victorian mansion, camille is haunted by the childhood tragedy she has spent her whole life trying to cut from her memory. harmful on her wrist, whore on her ankle as camille works to uncover the truth about these violent crimes, she finds herself identifying with the young victims—a bit too strongly. clues keep leading to dead ends, forcing camille to unravel the psychological puzzle of her own past to get at the story. dogged by her own demons, camille will have to confront what happened to her years before if she wants to survive this homecoming.with its taut, crafted writing, sharp objects is addictive, haunting, and unforgettable. ...more",e00eb4fd7b871a48,0,https://books.toscrape.com/catalogue/sharp-objects_997/index.html,20,274,COSTLY,False
soumission,fiction,50.1,1,in stock (20 available) in stock in stock,"dans une france assez proche de la nôtre, un homme s’engage dans la carrière universitaire. peu motivé par l’enseignement, il s’attend à une vie ennuyeuse mais calme, protégée des grands drames historiques. cependant les forces en jeu dans le pays ont fissuré le système politique jusqu’à provoquer son effondrement. cette implosion sans soubresauts, sans vraie révolution, s dans une france assez proche de la nôtre, un homme s’engage dans la carrière universitaire. peu motivé par l’enseignement, il s’attend à une vie ennuyeuse mais calme, protégée des grands drames historiques. cependant les forces en jeu dans le pays ont fissuré le système politique jusqu’à provoquer son effondrement. cette implosion sans soubresauts, sans vraie révolution, se développe comme un mauvais rêve.le talent de l’auteur, sa force visionnaire nous entraînent sur un terrain ambigu et glissant ; son regard sur notre civilisation vieillissante fait coexister dans ce roman les intuitions poétiques, les effets comiques, une mélancolie fataliste.ce livre est une saisissante fable politique et morale. ...more",6957f44c3847a760,0,https://books.toscrape.com/catalogue/soumission_998/index.html,20,163,COSTLY,False
tipping the velvet,historical fiction,53.74,1,in stock (20 available) in stock,"""erotic and absorbing...written with starling power.""--""the new york times book review "" nan king, an oyster girl, is captivated by the music hall phenomenon kitty butler, a male impersonator extraordinaire treading the boards in canterbury. through a friend at the box office, nan manages to visit all her shows and finally meet her heroine. soon after, she becomes kitty's ""erotic and absorbing...written with starling power.""--""the new york times book review "" nan king, an oyster girl, is captivated by the music hall phenomenon kitty butler, a male impersonator extraordinaire treading the boards in canterbury. through a friend at the box office, nan manages to visit all her shows and finally meet her heroine. soon after, she becomes kitty's dresser and the two head for the bright lights of leicester square where they begin a glittering career as music-hall stars in an all-singing and dancing double act. at the same time, behind closed doors, they admit their attraction to each other and their affair begins. ...more",90fa61229261140a,0,https://books.toscrape.com/catalogue/tipping-the-velvet_999/index.html,20,165,COSTLY,False
a light in the attic,poetry,51.77,3,in stock (22 available),"it's hard to imagine a world without a light in the attic. this now-classic collection of poetry and drawings from shel silverstein celebrates its 20th anniversary with this special edition. silverstein's humorous and creative verse can amuse the dowdiest of readers. lemon-faced adults and fidgety kids sit still and read these rhythmic words and laugh and smile and love th it's hard to imagine a world without a light in the attic. this now-classic collection of poetry and drawings from shel silverstein celebrates its 20th anniversary with this special edition. silverstein's humorous and creative verse can amuse the dowdiest of readers. lemon-faced adults and fidgety kids sit still and read these rhythmic words and laugh and smile and love that silverstein. need proof of his genius? rockabyerockabye baby, in the treetopdon't you know a treetopis no safe place to rock?and who put you up there,and your cradle, too?baby, i think someone down here'sgot it in for you. shel, you never sounded so good. ...more",a897fe39b1053632,0,https://books.toscrape.com/catalogue/a-light-in-the-attic_1000/index.html,22,164,COSTLY,False
